shop,url,category,ean
euronics,https://www.euronics.it/elettrodomestici/cucina---cottura-cibi/friggitrici/princess---182626-classic-family-castel-acciaio/102008189.html,appliances,
euronics,https://www.euronics.it/elettrodomestici/cucina---cottura-cibi/friggitrici/de-longhi---f-28211-roto-fry-bianco/112019550.html,appliances,
euronics,https://www.euronics.it/elettrodomestici/pulizia--stiro-e-cucito/aspirapolvere-robot/dreame---aspirapolvere-robot-d10-plus-combo-3-dust-bag-bianco/232011936.html,appliances,
euronics,https://www.euronics.it/elettrodomestici/pulizia--stiro-e-cucito/aspirapolvere-a-traino/ariete---red-compact-2753-nero--rosso/162008671.html,appliances,
euronics,https://www.euronics.it/elettrodomestici/pulizia--stiro-e-cucito/aspirapolvere-a-bidone/karcher---ad-4-premium/182001263.html,appliances,
euronics,https://www.euronics.it/informatica/computer-portatili/notebook/asus---notebook-vivobook-s14-oled-s5406sal-sf329w-silver/262006429.html,electronics,
euronics,https://www.euronics.it/informatica/computer-portatili/notebook/medion---notebook-e14223-silver/232007820.html,electronics,
euronics,https://www.euronics.it/telefonia/smartphone-e-cellulari/smartphone/samsung---galaxy-s24-512gb-marble-gray/242000308.html,electronics,
euronics,https://www.euronics.it/telefonia/smartphone-e-cellulari/smartphone/samsung---galaxy-s24-256gb-marble-gray/242000309.html,electronics,
euronics,https://www.euronics.it/telefonia/smartphone-e-cellulari/smartphone/samsung---galaxy-s24-512gb-cobalt-violet/242000310.html,electronics,
toyscenter,https://www.toyscenter.it/prodotto/lego-ideas-mamma-ho-perso-laereo-casa-di-kevin-mccallister-idea-regalo-con-5-minifigure-set-per-adulti-21330/,toys,
toyscenter,https://www.toyscenter.it/prodotto/lego-technic-hypercar-koenigsegg-sadairs-spear-42232/,toys,
toyscenter,https://www.toyscenter.it/prodotto/barbie-vinyl-player/,toys,
toyscenter,https://www.toyscenter.it/prodotto/hot-wheels-racing-formula-1-griglia-di-partenza/,toys,
toyscenter,https://www.toyscenter.it/prodotto/star-wars-spada-elettronica-power-crystal/,toys,
toyscenter,https://www.toyscenter.it/prodotto/cluedo-harry-potter-gioco-da-tavolo-hasbro-gaming-per-3-5-giocatori-dagli-8-anni-in-su/,toys,
toyscenter,https://www.toyscenter.it/prodotto/super-mario-galaxy-uovo-di-yoshi-basic-playset/,toys,
toyscenter,https://www.toyscenter.it/prodotto/hasbro-star-wars-the-black-series-il-mandaloriano-e-grogu/,toys,
toyscenter,https://www.toyscenter.it/prodotto/disney-frozen-le-avventure-di-elsa-e-olaf-set-con-bambola-elsa-personaggio-olaf-e-sabbia-modellabile/,toys,
toyscenter,https://www.toyscenter.it/prodotto/rainbow-high-be-dazzling-noemie-violette-bambola-fashion-viola-da-28-cm-con-decori-gemme-scintillanti-e-accessori-per-lo-styling/,toys,
notino,https://www.notino.it/4711/remix-lemon-acqua-di-colonia-unisex/p-16031241/,beauty,4011700747801
notino,https://www.notino.it/3ina/the-lipstick-rossetto/,beauty,8435446411318
euronics,https://www.euronics.it/tv-e-audio/tv/tv-oled/lg---tv-oled-4k-77-wallpaper-evo-ai-w6-oled77w69la-umber-brown/262008486.html,electronics,
euronics,https://www.euronics.it/tv-e-audio/tv/tv-4k/lg---smart-tv-led-uhd-4k--65-65ua75006la-nero/252003468.html,electronics,
euronics,https://www.euronics.it/tv-e-audio/tv/tv-4k/toshiba---smart-tv-led-uhd-4k-55-tvltos55uv3363da-nero/232012851.html,electronics,
euronics,https://www.euronics.it/tv-e-audio/tv/tv-4k/techlife---smart-tv-led-uhd-4k-43-te43km10vda-nero/252012599.html,electronics,
euronics,https://www.euronics.it/tv-e-audio/tv/tv-4k/lg---smart-tv-mini-led-4k-43-qned-ai-qned70-43qned70a6-nero/252009895.html,electronics,
euronics,https://www.euronics.it/tv-e-audio/tv/tv-4k/haier---smart-tv-qled-uhd-4k-43-h43q80fux-nero/252009343.html,electronics,
euronics,https://www.euronics.it/tv-e-audio/tv/tv-4k/tcl---smart-tv-led-uhd-4k-50-50p69k-nero/252004698.html,electronics,
euronics,https://www.euronics.it/tv-e-audio/tv/tv-4k/tcl---smart-tv-q-led-uhd-4k-43-43p79k-metallic/252003396.html,electronics,
euronics,https://www.euronics.it/tv-e-audio/tv/smart-tv/metz---smart-tv-led-hd-ready-32-32mqe7100z-white/262009601.html,electronics,
euronics,https://www.euronics.it/tv-e-audio/tv/tv-4k/samsung---smart-tv-led-4k-43-ue43u7000huxzt-black/262005333.html,electronics,
euronics,https://www.euronics.it/tv-e-audio/tv/tv-4k/lg---smart-tv-oled-uhd-4k-55-oled55c55la-black/252003154.html,electronics,
euronics,https://www.euronics.it/tv-e-audio/tv/smart-tv/tcl---smart-tv-qled-fhd-43-43s5l-nero/262007047.html,electronics,
euronics,https://www.euronics.it/tv-e-audio/tv/tv-4k/lg---smart-tv-oled-evo-ai-4k-42-c6-pro-oled42c66lb-charcoal-black/262004746.html,electronics,
euronics,https://www.euronics.it/tv-e-audio/tv/tv-led/majestic---smart-tv-led-fhd-21-5-sm-22fhd-nero/242002158.html,electronics,
euronics,https://www.euronics.it/tv-e-audio/tv/smart-tv/toshiba---smart-tv-led-fhd-32-32lv3e63da-nero/242000379.html,electronics,
euronics,https://www.euronics.it/tv-e-audio/tv/tv-4k/lg---smart-tv-oled-uhd-4k-65-oled65b56la-black/252003158.html,electronics,
euronics,https://www.euronics.it/tv-e-audio/tv/tv-4k/panasonic---smart-tv-oled-uhd-4k-65-tv-65z95beg-nero/252009070.html,electronics,
euronics,https://www.euronics.it/tv-e-audio/tv/tv-4k/haier---smart-tv-oled-uhd-4k-65-h65c95eux-120hz-nero/252009432.html,electronics,
euronics,https://www.euronics.it/tv-e-audio/tv/tv-4k/samsung---smart-tv-the-frame-pro-qled-ai-65-qe65ls03hwuxzt-black/262005124.html,electronics,
euronics,https://www.euronics.it/tv-e-audio/tv/tv-4k/tcl---smart-tv-led-4k-50-50t69c-nero/262007308.html,electronics,
euronics,https://www.euronics.it/tv-e-audio/tv/tv-led/strong---tv-led-hd-ready-24-srt24he4023c-nero/232013541.html,electronics,
euronics,https://www.euronics.it/tv-e-audio/tv/tv-4k/samsung---smart-tv-mini-led-uhd-4k-65-qe65qn70hauxzt-titan-gray/262005904.html,electronics,
euronics,https://www.euronics.it/tv-e-audio/tv/tv-4k/philips---smart-tv-mini-led-uhd-4k-65-65mled920-12-black/252006630.html,electronics,
euronics,https://www.euronics.it/tv-e-audio/tv/tv-4k/telefunken---smart-tv-led-4k-43-te43759s48u4p-nero/262011304.html,electronics,
euronics,https://www.euronics.it/tv-e-audio/tv/tv-oled/lg---smart-tv-oled-4k-ai-65-oled65b65la-marrone/262008905.html,electronics,
euronics,https://www.euronics.it/tv-e-audio/tv/tv-4k/philips---smart-tv-ambilight-qled-4k-55-55pqs8501-12-black/262010414.html,electronics,
euronics,https://www.euronics.it/tv-e-audio/tv/tv-4k/lg---smart-tv-oled-4k-evo-ai-55-c6-pro-oled55c66lb-charcoal-black/262004739.html,electronics,
euronics,https://www.euronics.it/tv-e-audio/tv/tv-4k/panasonic---smart-tv-oled-uhd-4k-42-tv-42z90be6-nero/252009092.html,electronics,
euronics,https://www.euronics.it/tv-e-audio/tv/tv-4k/lg---smart-tv-55-qned-evo-ai-miniled-55qned80b6b-charcoal-black/262004859.html,electronics,
euronics,https://www.euronics.it/tv-e-audio/tv/smart-tv/tcl---smart-tv-qled-fhd-40-40s5l-nero/262007046.html,electronics,
euronics,https://www.euronics.it/tv-e-audio/tv/smart-tv/telefunken---smart-tv-led-fhd-40-te40759b50v4f-nero/252013396.html,electronics,
euronics,https://www.euronics.it/tv-e-audio/tv/smart-tv/lg---smart-tv-led-hd-ready-23-6-24tq510s-wz.api-bianco/222003618.html,electronics,
euronics,https://www.euronics.it/tv-e-audio/tv/tv-4k/samsung---smart-tv-oled-uhd-4k-77-qe77s85faexzt-graphite-black/252005481.html,electronics,
euronics,https://www.euronics.it/tv-e-audio/tv/tv-4k/philips---smart-tv-qled-4k-50-50pqs7801-12-black/262010410.html,electronics,
euronics,https://www.euronics.it/tv-e-audio/tv/tv-4k/hisense---smart-tv-qled-85-4k-85e79s-pro-nero/262002614.html,electronics,
euronics,https://www.euronics.it/tv-e-audio/tv/tv-4k/samsung---smart-tv-qled-uhd-4k-55-qe55ls03fauxzt-black/252005451.html,electronics,
euronics,https://www.euronics.it/tv-e-audio/tv/smart-tv/telesystem---smart-tv-led-hd-ready-32-fl-smg14-12-v-black/252008311.html,electronics,
euronics,https://www.euronics.it/tv-e-audio/tv/tv-4k/hisense---smart-tv-qled-4k-75-75e79s-nero/262002586.html,electronics,
euronics,https://www.euronics.it/tv-e-audio/tv/tv-4k/tcl---smart-tv-qd-mini-led-4k-55-55p8l-nero/262004367.html,electronics,
euronics,https://www.euronics.it/tv-e-audio/tv/tv-4k/lg---smart-tv-oled-uhd-4k-48-oled48b56la-black/252003160.html,electronics,
euronics,https://www.euronics.it/tv-e-audio/tv/tv-led/telesystem---tv-led-hd-ready-24-ls15-black/262003646.html,electronics,
euronics,https://www.euronics.it/tv-e-audio/tv/tv-4k/hisense---smart-tv-mini-led-4k-100-100u7se-nero/262002659.html,electronics,
euronics,https://www.euronics.it/tv-e-audio/tv/tv-4k/philips---smart-tv-qled-4k-50-50pus7810-black/262007358.html,electronics,
euronics,https://www.euronics.it/tv-e-audio/tv/tv-led/united---tv-led-hd-ready-32-unled32m10-black/252011509.html,electronics,
euronics,https://www.euronics.it/tv-e-audio/tv/tv-led/strong---tv-led-hd-ready-32-srt32hf2003c/242010448.html,electronics,
euronics,https://www.euronics.it/tv-e-audio/tv/tv-4k/lg---smart-tv-led-nano-4k-uhd-ai-85-nu90-85nu900b6la-charcoal-black/262004888.html,electronics,
euronics,https://www.euronics.it/tv-e-audio/tv/tv-4k/samsung---smart-tv-led-4k-vision-ai-85-ue85u7000huxzt-black/262005328.html,electronics,
euronics,https://www.euronics.it/tv-e-audio/tv/tv-4k/tcl---smart-tv-led-uhd-4k--65-65p69k-nero/252004065.html,electronics,
euronics,https://www.euronics.it/tv-e-audio/tv/tv-4k/tcl---smart-tv-qd-mini-led-4k-85-65p8l-nero/262004366.html,electronics,
euronics,https://www.euronics.it/tv-e-audio/tv/tv-4k/toshiba---smart-tv-led-uhd-4k-43-43qv2463da-nero/252000885.html,electronics,
euronics,https://www.euronics.it/tv-e-audio/tv/smart-tv/samsung---smart-tv-qled-4k-32-qe32q5faauxzt-black/262005495.html,electronics,
euronics,https://www.euronics.it/tv-e-audio/tv/tv-4k/philips---smart-tv-43-4k-qled-ambilight-43pus8450-12-black/262000273.html,electronics,
euronics,https://www.euronics.it/tv-e-audio/tv/tv-4k/tcl---smart-tv-led-uhd-4k-43-43t69c-nero/262007988.html,electronics,
euronics,https://www.euronics.it/tv-e-audio/tv/tv-4k/haier---smart-tv-led-uhd-4k-55-h55k85gux-nero/262007798.html,electronics,
euronics,https://www.euronics.it/tv-e-audio/tv/smart-tv/telesystem---tv-led-hd-ready-24-fl-smg15-black/262003732.html,electronics,
euronics,https://www.euronics.it/tv-e-audio/tv/tv-4k/samsung---smart-tv-oled-4k-vision-ai-65-qe65s90haexzt-graphite-black/262006009.html,electronics,
euronics,https://www.euronics.it/tv-e-audio/tv/smart-tv/samsung---smart-tv-fhd-27-ue27f6000fuxzt-black/252006214.html,electronics,
euronics,https://www.euronics.it/tv-e-audio/tv/smart-tv/metz---smart-tv-qled-hd-ready-32-32mqh7030z-black/262010744.html,electronics,
euronics,https://www.euronics.it/tv-e-audio/tv/tv-4k/panasonic---smart-tv-qled-uhd-4k-43-tv-43w80aez-nero/242017730.html,electronics,
euronics,https://www.euronics.it/tv-e-audio/tv/smart-tv/strong---smart-tv-led-hd-ready-32-srt32hg6733c/242010717.html,electronics,
euronics,https://www.euronics.it/telefonia/smartphone-e-cellulari/smartphone-dual-sim/xiaomi---smartphone-redmi-note-17-4gb-128gb-black/262009526.html,electronics,
euronics,https://www.euronics.it/telefonia/smartphone-e-cellulari/smartphone-dual-sim/realme---smartphone-realme-16-pro-5g-%28512gb-8gb%29-orchid-purple/252015564.html,electronics,
euronics,https://www.euronics.it/telefonia/smartphone-e-cellulari/smartphone-dual-sim/samsung---smartphone-galaxy-s26-ultra-512gb-12gb-white/262001824.html,electronics,
euronics,https://www.euronics.it/telefonia/smartphone-e-cellulari/smartphone-dual-sim/samsung---galaxy-s25-edge-12256gb-titanium-jetblack/252006283.html,electronics,
euronics,https://www.euronics.it/telefonia/smartphone-e-cellulari/smartphone-dual-sim/oppo---smartphone-reno15-fs-5g-twilight-black/252015917.html,electronics,
euronics,https://www.euronics.it/telefonia/smartphone-e-cellulari/smartphone-dual-sim/tcl---smartphone-tcl-60-5g-256gb-blue/252008174.html,electronics,
euronics,https://www.euronics.it/telefonia/smartphone-e-cellulari/smartphone-dual-sim/tcl---smartphone-nxtpaper-70-pro-24-256-stellar-blue/262003008.html,electronics,
euronics,https://www.euronics.it/telefonia/smartphone-e-cellulari/smartphone-dual-sim/oppo---smartphone-a6-6256-aurora-gold/262001612.html,electronics,
euronics,https://www.euronics.it/telefonia/smartphone-e-cellulari/smartphone-dual-sim/samsung---smartphone-galaxy-a57-5g-256gb-awesome-icyblue/262003750.html,electronics,
euronics,https://www.euronics.it/telefonia/smartphone-e-cellulari/smartphone-dual-sim/wind---3---samsung-galaxy-a57-5g-256gb-awesome-gray/262009478.html,electronics,
euronics,https://www.euronics.it/telefonia/smartphone-e-cellulari/smartphone-dual-sim/tim---xiaomi-note-15-5g-8-512gb-black/262002388.html,electronics,
euronics,https://www.euronics.it/telefonia/smartphone-e-cellulari/smartphone-dual-sim/wind---3---zte-blade-a76-5g-%284128%29-stardust-black/252012641.html,electronics,
euronics,https://www.euronics.it/telefonia/smartphone-e-cellulari/smartphone-dual-sim/tim---samsung-galaxy-s26-ultra-256gb-12gb-white/262002759.html,electronics,
euronics,https://www.euronics.it/telefonia/smartphone-e-cellulari/smartphone-dual-sim/google---smartphone-google-pixel-10a-256gb-grigio-nebbia/262002307.html,electronics,
euronics,https://www.euronics.it/telefonia/smartphone-e-cellulari/smartphone-dual-sim/xiaomi---smartphone-redmi-note-15-pro-8256-glacier-blue/252015016.html,electronics,
euronics,https://www.euronics.it/telefonia/smartphone-e-cellulari/smartphone-dual-sim/oppo---smartphone-reno16-f-5g-pop-white/262009568.html,electronics,
euronics,https://www.euronics.it/telefonia/smartphone-e-cellulari/smartphone-dual-sim/xiaomi---smartphone-xiaomi-17-ultra-16gb-ram-512gb-rom-black/262001531.html,electronics,
euronics,https://www.euronics.it/telefonia/smartphone-e-cellulari/smartphone-dual-sim/google---smartphone-google-pixel-11-pro-256gb-rosa-opaco/262010095.html,electronics,
euronics,https://www.euronics.it/telefonia/smartphone-e-cellulari/smartphone-dual-sim/tcl---tcl-p80-8-128gb-midnight-blue/262009779.html,electronics,
euronics,https://www.euronics.it/telefonia/smartphone-e-cellulari/smartphone-dual-sim/xiaomi---smartphone-redmi-note-17-5g-6gb-256gb-celestial-purple/262009519.html,electronics,
euronics,https://www.euronics.it/telefonia/smartphone-e-cellulari/smartphone-dual-sim/motorola---smartphone-edge-60-pro-pantone-shadow/252005811.html,electronics,
euronics,https://www.euronics.it/telefonia/smartphone-e-cellulari/smartphone-dual-sim/samsung---galaxy-z-fold8-ultra-12256gb-graphite/262008543.html,electronics,
euronics,https://www.euronics.it/telefonia/smartphone-e-cellulari/smartphone-dual-sim/vivo-mobile---x300-pro-16gb-512gb-desert-brown/252013462.html,electronics,
euronics,https://www.euronics.it/telefonia/smartphone-e-cellulari/smartphone-dual-sim/samsung---smartphone-galaxy-a27-5g-%286gb128gb%29-light-pink/262007198.html,electronics,
euronics,https://www.euronics.it/telefonia/smartphone-e-cellulari/smartphone-dual-sim/vivo-mobile---vivo-x-fold-6-12gb-512gb-blue/262010667.html,electronics,
euronics,https://www.euronics.it/telefonia/smartphone-e-cellulari/smartphone-dual-sim/oppo---smartphone-reno15-f-5g-aurora-blue/252015924.html,electronics,
euronics,https://www.euronics.it/telefonia/smartphone-e-cellulari/smartphone-dual-sim/motorola---smartphone-edge-70-8-256-pantone-gadget-grey/262004349.html,electronics,
euronics,https://www.euronics.it/telefonia/smartphone-e-cellulari/smartphone-dual-sim/xiaomi---smartphone-xiaomi-17-12gb-ram-512gb-rom-black/262001541.html,electronics,
euronics,https://www.euronics.it/telefonia/smartphone-e-cellulari/smartphone-dual-sim/xiaomi---smartphone-redmi-note-17-pro-5g-6gb-256gb-black/262009515.html,electronics,
euronics,https://www.euronics.it/telefonia/smartphone-e-cellulari/smartphone-dual-sim/samsung---smartphone-galaxy-s26-fe-8gb128gb-pistachio/262009934.html,electronics,
euronics,https://www.euronics.it/telefonia/smartphone-e-cellulari/smartphone-dual-sim/motorola---smartphone-edge-70-fusion-pantone-orient-blue/262007920.html,electronics,
euronics,https://www.euronics.it/telefonia/smartphone-e-cellulari/smartphone-dual-sim/tim---xiaomi-redmi-note-15-5g-%288-256gb%29-glacier-blue/252015249.html,electronics,
euronics,https://www.euronics.it/telefonia/smartphone-e-cellulari/smartphone-dual-sim/tcl---smartphone-p80-pro-8-256gb-midnight-blue/262009788.html,electronics,
euronics,https://www.euronics.it/telefonia/smartphone-e-cellulari/smartphone-dual-sim/samsung---smartphone-galaxy-s26-256gb-12gb-cobalt-violet/262001845.html,electronics,
euronics,https://www.euronics.it/telefonia/smartphone-e-cellulari/smartphone-dual-sim/motorola---smartphone-moto-g15-8-512-green/252004866.html,electronics,
euronics,https://www.euronics.it/telefonia/smartphone-e-cellulari/smartphone-dual-sim/realme---smartphone-realme-16-pro-5g-%28512gb-12gb%29-master-grey/252015565.html,electronics,
euronics,https://www.euronics.it/telefonia/smartphone-e-cellulari/smartphone-dual-sim/motorola---smartphone-moto-g05-4-256gb-forest-green/252000891.html,electronics,
euronics,https://www.euronics.it/telefonia/smartphone-e-cellulari/smartphone-dual-sim/samsung---smartphone-galaxy-s26-512gb-12gb-sky-blue/262001840.html,electronics,
euronics,https://www.euronics.it/telefonia/smartphone-e-cellulari/smartphone-dual-sim/tim---xiaomi-redmi-note-15-5g-6-128-nero/262003343.html,electronics,
euronics,https://www.euronics.it/telefonia/smartphone-e-cellulari/smartphone-dual-sim/xiaomi---smartphone-xiaomi-17-ultra-16gb-ram-512gb-rom-white/262001539.html,electronics,
euronics,https://www.euronics.it/telefonia/smartphone-e-cellulari/smartphone-dual-sim/motorola---smartphone-razr-60-pantone-gibraltar-sea/252005801.html,electronics,
euronics,https://www.euronics.it/telefonia/smartphone-e-cellulari/smartphone-dual-sim/xiaomi---smartphone-redmi-note-15-8256-black/252015022.html,electronics,
euronics,https://www.euronics.it/telefonia/smartphone-e-cellulari/smartphone-dual-sim/realme---smartphone-note-70t-special-edition-4-128gb-beach-gold/262008470.html,electronics,
euronics,https://www.euronics.it/telefonia/smartphone-e-cellulari/smartphone-dual-sim/oppo---smartphone-a6x-5g-6256-violet-purple/262010343.html,electronics,
euronics,https://www.euronics.it/telefonia/smartphone-e-cellulari/smartphone-dual-sim/xiaomi---smartphone-redmi-note-17-6gb-256gb-black/262009523.html,electronics,
euronics,https://www.euronics.it/telefonia/smartphone-e-cellulari/smartphone-dual-sim/xiaomi---smartphone-xiaomi-17t-512gb12gb-violet/262005424.html,electronics,
euronics,https://www.euronics.it/telefonia/smartphone-e-cellulari/smartphone-dual-sim/vodafone---samsung-s26-ultra-512gb-black/262003254.html,electronics,
euronics,https://www.euronics.it/telefonia/smartphone-e-cellulari/smartphone-dual-sim/xiaomi---smartphone-redmi-note--17-pro-5g-6gb-256gb-sky-blue/262009517.html,electronics,
euronics,https://www.euronics.it/telefonia/smartphone-e-cellulari/smartphone-dual-sim/vodafone---samsung-galaxy-a37-5g-128gb-graygreen/262003824.html,electronics,
euronics,https://www.euronics.it/telefonia/smartphone-e-cellulari/smartphone-dual-sim/samsung---galaxy-s25-fe-8256gb-jet-black/252010924.html,electronics,
euronics,https://www.euronics.it/telefonia/smartphone-e-cellulari/smartphone-dual-sim/motorola---smartphone-moto-g57-pantone-regatta/262001201.html,electronics,
euronics,https://www.euronics.it/telefonia/smartphone-e-cellulari/smartphone-dual-sim/xiaomi---smartphone-redmi-15-8g-ram-256g-rom-sandy-purple/252009633.html,electronics,
euronics,https://www.euronics.it/telefonia/smartphone-e-cellulari/smartphone-dual-sim/realme---smartphone-realme-16-pro-5g-%28256gb-8gb%29-pebble-grey/262000056.html,electronics,
euronics,https://www.euronics.it/telefonia/smartphone-e-cellulari/smartphone-dual-sim/vivo-mobile---smartphone-vivo-v70-lite-5g-6gb-256gb-black/262008189.html,electronics,
euronics,https://www.euronics.it/telefonia/smartphone-e-cellulari/smartphone-dual-sim/oppo---smartphone-reno16-pro-5g-box-pop-white/262007418.html,electronics,
euronics,https://www.euronics.it/telefonia/smartphone-e-cellulari/smartphone-dual-sim/motorola---smartphone-moto-g57-pantone-corsair/262001199.html,electronics,
euronics,https://www.euronics.it/telefonia/smartphone-e-cellulari/smartphone-dual-sim/samsung---galaxy-z-flip8-12512gb-cream/262008529.html,electronics,
euronics,https://www.euronics.it/telefonia/smartphone-e-cellulari/smartphone-dual-sim/samsung---smartphone-galaxy-a37-5g-128gb-awesome-graygreen/262003737.html,electronics,
euronics,https://www.euronics.it/telefonia/smartphone-e-cellulari/smartphone-dual-sim/samsung---galaxy-z-flip8-12512gb-graphite/262008528.html,electronics,
euronics,https://www.euronics.it/telefonia/smartphone-e-cellulari/smartphone-dual-sim/vodafone---samsung-s26-256gb-black/262003287.html,electronics,
euronics,https://www.euronics.it/informatica/computer-portatili/notebook-gaming/acer---notebook-gaming-nitro-v-17-ai-anv17-41-r6fd-17.3-nero/262001593.html,electronics,
euronics,https://www.euronics.it/informatica/computer-portatili/notebook/acer---notebook-aspire-lite-al15-54p-56n1-15.6-silver/252015567.html,electronics,
euronics,https://www.euronics.it/informatica/computer-portatili/notebook/microsoft---nuovo-microsoft-surface-laptop-copilot-pc-13-platino/252006504.html,electronics,
euronics,https://www.euronics.it/informatica/computer-portatili/notebook/asus---notebook-vivobook-16-m1605naq-mb229w-ram-16gb-512g-indie-black/262002153.html,electronics,
euronics,https://www.euronics.it/informatica/computer-portatili/notebook-gaming/msi---notebook-cyborg-15-b13wekg-1093it-translucent-black/262002146.html,electronics,
euronics,https://www.euronics.it/informatica/computer-portatili/notebook-gaming/erazer---core-gaming-notebook-erazer-deputy-p60-black/252001603.html,electronics,
euronics,https://www.euronics.it/informatica/computer-portatili/notebook/asus---vivobook-go-15-e510ma-br1659ws-15.6-star-black/242013489.html,electronics,
euronics,https://www.euronics.it/informatica/computer-portatili/notebook-gaming/acer---notebook-gaming-nitro-v-15-anv15-52-95sr---15.6-nero/252005696.html,electronics,
euronics,https://www.euronics.it/informatica/computer-portatili/notebook/microsoft---new-laptop--snapdragon-plus-8c-16gb-256-ssd---demo-platino/252006508.html,electronics,
euronics,https://www.euronics.it/informatica/computer-portatili/notebook/lenovo---notebook-ideapad-slim-3-nb-15-3---ips3-15iwc11-luna-grey/262005257.html,electronics,
euronics,https://www.euronics.it/informatica/computer-portatili/notebook/acer---notebook-aspire-lite-15-al15-33p-305t-silver/252009405.html,electronics,
euronics,https://www.euronics.it/informatica/computer-portatili/notebook/lenovo---notebook-loq-15irx10-15-6-intel-i7-32gb-1tb-5060-nero/262001864.html,electronics,
euronics,https://www.euronics.it/informatica/computer-portatili/notebook/lenovo---notebook-ideapad-slim-3-83ur0095ix-intel-core-u7-luna-grey/262005243.html,electronics,
euronics,https://www.euronics.it/informatica/computer-portatili/notebook-convertibili-2-in-1/microsoft---notebook-surface-pro-%28lcd%29---coplotpc-platino/252001135.html,electronics,
euronics,https://www.euronics.it/informatica/computer-portatili/notebook/acer---notebook-swift-16-ai-sf16-71t-76r4-16-grigio/262001694.html,electronics,
euronics,https://www.euronics.it/informatica/computer-portatili/notebook-gaming/acer---notebook-gaming-nitro-v-17-ai-anv17-61-r3yj-17.3-nero/262001596.html,electronics,
euronics,https://www.euronics.it/informatica/computer-portatili/notebook/asus---notebook-vivobook-15-f1504ma-bq111w-silver/262006427.html,electronics,
euronics,https://www.euronics.it/informatica/computer-portatili/notebook-gaming/acer---notebook-predator-helios-neo-18-ai-phn18-72-908e-nero/262001973.html,electronics,
euronics,https://www.euronics.it/informatica/computer-portatili/notebook/hp---laptop-15-fd1002nlx-15.6-intel-core-3-8gb-ram-natural-silver/262002503.html,electronics,
euronics,https://www.euronics.it/informatica/computer-portatili/notebook/hp---notebook-omnibook-3-ng-ai-15-fn0015nl-glacier-silver/252015877.html,electronics,
euronics,https://www.euronics.it/informatica/computer-portatili/notebook/acer---notebook-swift-go-16-ai-sfg16-74-75xa-16-nero/262002911.html,electronics,
euronics,https://www.euronics.it/informatica/computer-portatili/notebook-gaming/asus---notebook-g733py-ll002w-off-black/222012558.html,electronics,
euronics,https://www.euronics.it/informatica/computer-portatili/notebook-convertibili-2-in-1/hp---notebook-omnibook-5-x360-14-fp0008nl-intel-core-i3-glacier-silver/262007100.html,electronics,
euronics,https://www.euronics.it/informatica/computer-portatili/notebook/hp---notebook-15-fd1000nlx-16gb-ram-512gb-ssd-fhd-natural-silver/262002507.html,electronics,
euronics,https://www.euronics.it/informatica/computer-portatili/notebook/acer---notebook-aspire-go-15-ag15-42p-r3nn-silver/252016106.html,electronics,
euronics,https://www.euronics.it/informatica/computer-portatili/notebook-gaming/acer---notebook-gaming-nitro-v-15-anv15-52-912j-15.6-nero/262001568.html,electronics,
euronics,https://www.euronics.it/informatica/computer-portatili/notebook-gaming/msi---notebook-crosshair-16-hx-e14wfk-061it-nero/262005047.html,electronics,
euronics,https://www.euronics.it/informatica/computer-portatili/notebook-gaming/acer---notebook-gaming-nitro-18-ai-an18-61-r5vg-rtx-5060-nero/262001462.html,electronics,
euronics,https://www.euronics.it/informatica/computer-portatili/notebook-convertibili-2-in-1/lenovo---notebook-yg7-2in1-14ill10-16gb512gb-silver/262001866.html,electronics,
euronics,https://www.euronics.it/informatica/computer-portatili/notebook/hp---notebook-omnibook-3-16-bu0002nlx-glacier-silver/262007004.html,electronics,
euronics,https://www.euronics.it/informatica/computer-portatili/notebook-gaming/acer---notebook-predator-helios-neo-18-ai-phn18-72-96kr-nero/262001972.html,electronics,
euronics,https://www.euronics.it/informatica/computer-portatili/notebook/microsoft---notebook-srfc-proj-ak---1-win11-platino/222010511.html,electronics,
euronics,https://www.euronics.it/informatica/computer-portatili/notebook/acer---notebook-aspire-lite-15-al15-54p-52v1-15.6-silver/252016060.html,electronics,
euronics,https://www.euronics.it/informatica/computer-portatili/notebook/asus---notebook-vivobook-15-f1504ma-bq358w-ram-8gb-silver/262002150.html,electronics,
euronics,https://www.euronics.it/informatica/computer-portatili/notebook/asus---vivobook-go-15-e1504fa-bq2668w-silver/252009969.html,electronics,
euronics,https://www.euronics.it/informatica/computer-portatili/notebook/lenovo---notebook-yoga-slim-7-14iph11-83qm0071ix-16-512gb-luna-grey/262005254.html,electronics,
euronics,https://www.euronics.it/informatica/computer-portatili/notebook/lenovo---notebook-ideapad-slim-3-ips3-15iwc11-8gb-256gb-artic-grey/262005256.html,electronics,
euronics,https://www.euronics.it/informatica/computer-portatili/notebook-convertibili-2-in-1/hp---notebook-omnibook-5-x360-14-fp0006nlx-8gb-ram-powder-pink/262007181.html,electronics,
euronics,https://www.euronics.it/informatica/computer-portatili/notebook/acer---notebook-aspire-go-15-ag15-42p-r8se-15.6-silver/262002533.html,electronics,
euronics,https://www.euronics.it/informatica/computer-portatili/notebook-gaming/acer---notebook-gaming-nitro-v-15-anv15-52-75n8-15.6-nero/262001482.html,electronics,
euronics,https://www.euronics.it/tv-e-audio/cuffie-e-auricolari/auricolari/beats-by-dr.dre---auricolari-true-wireless-fit-pro-coral-pink/232001842.html,electronics,
euronics,https://www.euronics.it/tv-e-audio/cuffie-e-auricolari/auricolari/philips---cuffie-true-wireless-tat2100bk-00-black/262003293.html,electronics,
euronics,https://www.euronics.it/tv-e-audio/cuffie-e-auricolari/cuffie/philips---cuffie-on-ear-cablate-per-bambini-tak2000mp-00-viola-magenta/252003111.html,electronics,
euronics,https://www.euronics.it/tv-e-audio/cuffie-e-auricolari/auricolari/sbs---auricolare-bluetooth-teeartwsairbudsbtw/242010652.html,electronics,
euronics,https://www.euronics.it/tv-e-audio/cuffie-e-auricolari/auricolari/sbs---auricolare-bluetooth-teeartwsorcbtk-nero/252001189.html,electronics,
euronics,https://www.euronics.it/tv-e-audio/cuffie-e-auricolari/auricolari/philips---tat2236wt-00-white/212011921.html,electronics,
euronics,https://www.euronics.it/tv-e-audio/cuffie-e-auricolari/auricolari/beats-by-dr.dre---beats-flex-auricolari-wireless/212000874.html,electronics,
euronics,https://www.euronics.it/tv-e-audio/cuffie-e-auricolari/auricolari/jaz---auricolare-bluetooth-tejzeartwsambebtw-bianco/232009951.html,electronics,
euronics,https://www.euronics.it/tv-e-audio/cuffie-e-auricolari/auricolari/cellularline---auricolare-bluetooth-btkeyprotwsw-bianco/252014803.html,electronics,
euronics,https://www.euronics.it/tv-e-audio/cuffie-e-auricolari/cuffie/otl---pokemon-pokeball/212005852.html,electronics,
euronics,https://www.euronics.it/tv-e-audio/cuffie-e-auricolari/auricolari/sony---auricolari-bluetooth-wfc510b.ce7-nero/242013617.html,electronics,
euronics,https://www.euronics.it/tv-e-audio/cuffie-e-auricolari/cuffie/sony---cuffie-bluetooth-over-ear-wh-ch730n-blue/262010593.html,electronics,
euronics,https://www.euronics.it/tv-e-audio/cuffie-e-auricolari/auricolari/music-sound---auricolare-bluetooth-a-capsula-breeze-bianco/252015323.html,electronics,
euronics,https://www.euronics.it/tv-e-audio/cuffie-e-auricolari/cuffie/karma---radiocuffia-per-tv-con-presa-hdmi-arc-hpt-26-nero/262008079.html,electronics,
euronics,https://www.euronics.it/tv-e-audio/cuffie-e-auricolari/auricolari/music-hero---auricolare-bluetooth-mhtwskombobtw/242013021.html,electronics,
euronics,https://www.euronics.it/tv-e-audio/cuffie-e-auricolari/cuffie/sennheiser---cuffia-circumaurale-wireless-bluetooth-momentum-5-black/262007656.html,electronics,
euronics,https://www.euronics.it/tv-e-audio/cuffie-e-auricolari/cuffie/jvc---ha-rx500/102004017.html,electronics,
euronics,https://www.euronics.it/tv-e-audio/cuffie-e-auricolari/auricolari/cellularline---auricolare-bluetooth-btlitetwsw-bianco/242018192.html,electronics,
euronics,https://www.euronics.it/tv-e-audio/cuffie-e-auricolari/auricolari/conduction-labs---auricolari-bluetooth-allegro-bianco/232003599.html,electronics,
euronics,https://www.euronics.it/tv-e-audio/cuffie-e-auricolari/auricolari/urbanista---cuffie-in-ear-palo-alto-cloud-white-bianco/242006369.html,electronics,
euronics,https://www.euronics.it/tv-e-audio/cuffie-e-auricolari/cuffie/sony---mdrzx110apb.ce7-nero/142015630.html,electronics,
euronics,https://www.euronics.it/tv-e-audio/cuffie-e-auricolari/auricolari/sbs---mhtwsbeatbty-giallo/202006038.html,electronics,
euronics,https://www.euronics.it/tv-e-audio/cuffie-e-auricolari/cuffie/music-sound---cuffia-wireless-btheadbmsvibedr-vibed-rosse/262009018.html,electronics,
euronics,https://www.euronics.it/tv-e-audio/cuffie-e-auricolari/auricolari/sbs---auricolare-bluetooth-teeartwscolg-verde/232007127.html,electronics,
euronics,https://www.euronics.it/tv-e-audio/cuffie-e-auricolari/auricolari/sbs---auricolare-semi-in-ear-case-200-mah-bianco/262005640.html,electronics,
euronics,https://www.euronics.it/tv-e-audio/cuffie-e-auricolari/auricolari/philips---auricolari-true-wireless-tat1300wt-00-white/262003251.html,electronics,
euronics,https://www.euronics.it/tv-e-audio/cuffie-e-auricolari/auricolari/realme---auricolari-buds-air-8-wireless-ear-buds-master-gold/262001893.html,electronics,
euronics,https://www.euronics.it/tv-e-audio/cuffie-e-auricolari/cuffie/jbl---cuffie-a-padiglione-chiuso-quantum-810-nero/232002669.html,electronics,
euronics,https://www.euronics.it/tv-e-audio/cuffie-e-auricolari/auricolari/sony---cuffie-in-ear-wic100b.ce7-nero/222006379.html,electronics,
euronics,https://www.euronics.it/tv-e-audio/cuffie-e-auricolari/cuffie/jbl---t500-nero/182027782.html,electronics,
euronics,https://www.euronics.it/tv-e-audio/cuffie-e-auricolari/auricolari/sony---cuffie-in-ear-wic100w.ce7-bianco/222006380.html,electronics,
euronics,https://www.euronics.it/tv-e-audio/cuffie-e-auricolari/auricolari/belkin---usb-c-earbuds-w--adjustable-volume-limiter-rosa/242015621.html,electronics,
euronics,https://www.euronics.it/tv-e-audio/cuffie-e-auricolari/auricolari/music-sound---auricolari-tws-double-bianco/262010132.html,electronics,
euronics,https://www.euronics.it/tv-e-audio/cuffie-e-auricolari/auricolari/pantone---pt-we001l---stereo-bth-earphone-azzurro-plastica/192008526.html,electronics,
euronics,https://www.euronics.it/tv-e-audio/cuffie-e-auricolari/auricolari/mysound---speak-color-bianco/192013449.html,electronics,
euronics,https://www.euronics.it/telefonia/wearable/smartwatch/garmin---smartwatch-fenix-9-47mm-titanio-grigio/262010297.html,electronics,
euronics,https://www.euronics.it/telefonia/wearable/smartwatch/cellularline---smartwatch-ion-pro-ultra-nero/252015894.html,electronics,
euronics,https://www.euronics.it/telefonia/wearable/smartwatch/apple---watch-series-12-gps-42mm-alluminio-grigio-siderale-sport-band-blu-marino---s-m/262010851.html,electronics,
euronics,https://www.euronics.it/telefonia/wearable/smartwatch/celly---trainerwatch2bk---smartwatch-con-chiamata-vocale-nero/232009333.html,electronics,
euronics,https://www.euronics.it/telefonia/wearable/smartwatch/savefamily---smartwatch-savewatch-iconic-plus-2-street-style/262010696.html,electronics,
euronics,https://www.euronics.it/telefonia/wearable/smartwatch/huawei---fitness-tracker-watch-fit-5-pro-black/262004229.html,electronics,
euronics,https://www.euronics.it/telefonia/wearable/smartwatch/savefamily---smartwatch-savewatch-iconic-plus-2-candy-candy/262010698.html,electronics,
euronics,https://www.euronics.it/telefonia/wearable/smartwatch/huawei---smartwatch-watch-fit-3-display-amoled-da-1.82-black/242011000.html,electronics,
euronics,https://www.euronics.it/telefonia/wearable/smartwatch/samsung---galaxy-watch9-44mm-bt-232gb-silver/262008556.html,electronics,
euronics,https://www.euronics.it/telefonia/wearable/smartwatch/cellularline---smartwatch-stealth-bluetooth-1.83-tft-momo-design-nero/252014954.html,electronics,
euronics,https://www.euronics.it/telefonia/wearable/smartwatch/garmin---smartwatch-venu-4-41mm-oro-beige/262005002.html,electronics,
euronics,https://www.euronics.it/telefonia/wearable/smartwatch/amazfit---smartwatch-t-rex-3-onyx-black/242014479.html,electronics,
euronics,https://www.euronics.it/telefonia/wearable/smartwatch/amazfit---smartwatch-t-rex-3-grey/252003068.html,electronics,
euronics,https://www.euronics.it/telefonia/wearable/smartwatch/huawei---fitness-tracker-watch-fit-5-white/262004227.html,electronics,
euronics,https://www.euronics.it/telefonia/wearable/smartwatch/apple---watch-ultra-4-gps-cellular-49mm-titanio-trail-loop-sabbia---m-l/262010902.html,electronics,
euronics,https://www.euronics.it/telefonia/wearable/smartwatch/garmin---smartwatch-forerunner-265s-nero-giallo/262006536.html,electronics,
euronics,https://www.euronics.it/telefonia/wearable/smartwatch/apple---watch-series-11-gps-cellular-42mm-titanio-oro---loop-milanese-oro/252011654.html,electronics,
euronics,https://www.euronics.it/telefonia/wearable/smartwatch/imiki---smartwatch-holo-pro-black/242016157.html,electronics,
euronics,https://www.euronics.it/telefonia/wearable/smartwatch/garmin---smartwatch-instinct-e-40mm-nero-carbone/262011846.html,electronics,
euronics,https://www.euronics.it/telefonia/wearable/smartwatch/amazfit---smartwatch-cheetah-2-pro-titanium/262004585.html,electronics,
euronics,https://www.euronics.it/informatica/tablet-ed-ebook-reader/tablet-android/samsung---galaxy-tab-s11-12128gb-wifi-gray/252009695.html,electronics,
euronics,https://www.euronics.it/informatica/tablet-ed-ebook-reader/tablet-android/xiaomi---tablet-pad-8-gray/262002087.html,electronics,
euronics,https://www.euronics.it/informatica/tablet-ed-ebook-reader/tablet-android/acer---tablet-iconia-a14-a14-11mn-a445-silver/262005739.html,electronics,
euronics,https://www.euronics.it/informatica/tablet-ed-ebook-reader/tablet-android/lenovo---tablet-idea-tab-zafr0983se-8gb-256gb-wifi-luna-grey/262005102.html,electronics,
euronics,https://www.euronics.it/informatica/tablet-ed-ebook-reader/tablet-android/lenovo---tablet-idea-tab-8gb-128gb-wifi-tab-pen-keyboard-luna-grey/262006460.html,electronics,
euronics,https://www.euronics.it/informatica/tablet-ed-ebook-reader/tablet-android/lenovo---tablet-idea-tab-zafm0794se-luna-grey/262009624.html,electronics,
euronics,https://www.euronics.it/informatica/tablet-ed-ebook-reader/tablet-android/acer---tablet-iconia-v11-v11-21m-82tb-11-verde/262007043.html,electronics,
euronics,https://www.euronics.it/informatica/tablet-ed-ebook-reader/tablet-android/samsung---galaxy-tab-s10-fe-8128gb-wifi-gray/252003875.html,electronics,
euronics,https://www.euronics.it/informatica/tablet-ed-ebook-reader/tablet-android/lenovo---yoga-tab-tb710fu-lenovo-tab-pen-pro-8gb-256gb-luna-grey/252014514.html,electronics,
euronics,https://www.euronics.it/informatica/tablet-ed-ebook-reader/tablet-android/samsung---tablet-galaxy-tab-a11-wifi-256-gb-gray/252013463.html,electronics,
euronics,https://www.euronics.it/informatica/tablet-ed-ebook-reader/tablet-android/mediacom---web-book-m-sp1az46p-nero/242016986.html,electronics,
euronics,https://www.euronics.it/informatica/tablet-ed-ebook-reader/tablet-android/tcl---tab-a1-plus-space-blue-with-flip-case-t-pen-space-blue/262003219.html,electronics,
euronics,https://www.euronics.it/informatica/tablet-ed-ebook-reader/tablet-android/mediacom---m-sp1az3l-nero/222001818.html,electronics,
euronics,https://www.euronics.it/informatica/tablet-ed-ebook-reader/tablet-android/doogee---tablet-11-tab-a9-v-vip-aurora-black/262001875.html,electronics,
euronics,https://www.euronics.it/informatica/tablet-ed-ebook-reader/tablet-android/mediacom---tablet-m-sp1az4p6-grigio-scuro/262001010.html,electronics,
euronics,https://www.euronics.it/informatica/tablet-ed-ebook-reader/tablet-android/xiaomi---web-book-redmi-pad-se-8.7-graphite-gray/252001129.html,electronics,
euronics,https://www.euronics.it/informatica/tablet-ed-ebook-reader/tablet-android/honor---pad-x9-max-%284-128-gb%29-gray/262009204.html,electronics,
euronics,https://www.euronics.it/informatica/tablet-ed-ebook-reader/tablet-android/lenovo---tablet-tab-zaeh0220se-10-1-4gb-128gb-luna-grey/262008743.html,electronics,
euronics,https://www.euronics.it/informatica/tablet-ed-ebook-reader/tablet-android/mediacom---m-sp8cy-grigio/212008348.html,electronics,
euronics,https://www.euronics.it/informatica/tablet-ed-ebook-reader/tablet-android/mediacom---web-book-m-sp1az44/232013129.html,electronics,
euronics,https://www.euronics.it/tv-e-audio/audio/casse-bluetoooth/music-sound---wireless-speaker-mini-bianco/252015884.html,electronics,
euronics,https://www.euronics.it/tv-e-audio/audio/casse-bluetoooth/trevi---altoparlante-2x15w-wireless-5.3-xcs-8a88-b-nero/252009710.html,electronics,
euronics,https://www.euronics.it/tv-e-audio/audio/casse-bluetoooth/xtreme---speaker-wireless-bt-5.0-tower-nero/212004755.html,electronics,
euronics,https://www.euronics.it/tv-e-audio/audio/casse-bluetoooth/sbs---microfono-per-karaoke-wireless-mhmicbtk/222010120.html,electronics,
euronics,https://www.euronics.it/tv-e-audio/audio/casse-bluetoooth/yamaha---cyvc200wh-white/212005426.html,electronics,
euronics,https://www.euronics.it/tv-e-audio/audio/casse-bluetoooth/jbl---xtreme-3-nero/202011375.html,electronics,
euronics,https://www.euronics.it/tv-e-audio/audio/casse-bluetoooth/karma---diffusore-amplificato-con-radiomicrofono-auralis-nero/262007162.html,electronics,
euronics,https://www.euronics.it/tv-e-audio/audio/casse-bluetoooth/lg---speaker-xboom-rnc5-double-bass-boost-2.0-canali-nero/242001580.html,electronics,
euronics,https://www.euronics.it/tv-e-audio/audio/casse-bluetoooth/xtreme---speaker-wireless-bt-oval-nero/212005761.html,electronics,
euronics,https://www.euronics.it/tv-e-audio/audio/casse-bluetoooth/sony---speaker-srsls1b.ce7-nero/242015920.html,electronics,
euronics,https://www.euronics.it/tv-e-audio/audio/casse-bluetoooth/jbl---speaker-bluetooth-boombox-3-nero/232000097.html,electronics,
euronics,https://www.euronics.it/tv-e-audio/audio/casse-bluetoooth/sharp---party-speaker-ps-949-hifi-180w-bt/232006673.html,electronics,
euronics,https://www.euronics.it/tv-e-audio/audio/casse-bluetoooth/harman-kardon---diffusore-bluetooth-compatto-grip-viola/252011525.html,electronics,
euronics,https://www.euronics.it/tv-e-audio/audio/casse-bluetoooth/majestic---docking-speaker-fire-38-nero/242013270.html,electronics,
euronics,https://www.euronics.it/tv-e-audio/audio/casse-bluetoooth/sbs---speaker-tejzspeakfabricbtb-nero/222008420.html,electronics,
euronics,https://www.euronics.it/gaming/xbox-serie-s/console-xbox-series/microsoft---forza-motorsport---standard-edition---xbox-series/232010816.html,electronics,
euronics,https://www.euronics.it/gaming/nintendo-switch/console-nintendo-switch/nintendo---switch-lite-rosa/202003000.html,electronics,
euronics,https://www.euronics.it/gaming/playstation-5/console-ps5/sony-computer---bundle-console-playstation%C2%AE5-1-tb---due-controller/252013400.html,electronics,
euronics,https://www.euronics.it/gaming/nintendo-switch-2/console-nintendo-switch-2/nintendo---switch-2-nero/252004356.html,electronics,
euronics,https://www.euronics.it/gaming/playstation-5/console-ps5/sony-computer---console-playstation%C2%AE5-%E2%80%93-1tb-bianco/252010974.html,electronics,
euronics,https://www.euronics.it/gaming/nintendo-switch/console-nintendo-switch/nintendo---switch-rosso-blu/222012117.html,electronics,
euronics,https://www.euronics.it/gaming/nintendo-switch/console-nintendo-switch/nintendo---switch-lite-blu/212004587.html,electronics,
euronics,https://www.euronics.it/gaming/nintendo-switch/console-nintendo-switch/nintendo---switch-mario-kart-8-deluxeabbonamento-3-mesi-nso-rosso-blu-neon/212014148.html,electronics,
euronics,https://www.euronics.it/gaming/nintendo-switch-2/console-nintendo-switch-2/nintendo---switch-2-nintendo-switch-sports-resort-nero/262010312.html,electronics,
euronics,https://www.euronics.it/gaming/nintendo-switch/console-nintendo-switch/nintendo---switch-oled-rosso-neon-blu-neon/212009189.html,electronics,
euronics,https://www.euronics.it/elettrodomestici/grandi-elettrodomestici/frigoriferi/midea---frigorifero-combinato-mdrb424fge02oe-classee-310lt-acciaio-inox/242005132.html,appliances,
euronics,https://www.euronics.it/elettrodomestici/grandi-elettrodomestici/frigoriferi/beko---frigorifero-2-porte-rdsa310m40sn-classe-e-306-lt-silver/232010882.html,appliances,
euronics,https://www.euronics.it/elettrodomestici/grandi-elettrodomestici/lavastoviglie/samsung---lavastoviglie-dw60cg550fsret-classe-d-14-coperti-inox/232011748.html,appliances,
euronics,https://www.euronics.it/elettrodomestici/grandi-elettrodomestici/lavatrici/lavatrici-standard/techlife---lavatrice-tfwfmn8012e-8kg-classe-a-bianco/262008299.html,appliances,
euronics,https://www.euronics.it/elettrodomestici/grandi-elettrodomestici/frigoriferi/lg---frigorifero-side-by-side-gslc40pype-classe-e-638lt-inox/252009640.html,appliances,
euronics,https://www.euronics.it/elettrodomestici/grandi-elettrodomestici/lavatrici/lavatrici-standard/hoover---lavatrice-h5wpb49bc9-1-s-9-kg-classe-a-bianco/252003921.html,appliances,
euronics,https://www.euronics.it/elettrodomestici/grandi-elettrodomestici/frigoriferi/haier---frigorifero-combinato-hdpr1618cnpk-classe-c-352-lt-inox/252009385.html,appliances,
euronics,https://www.euronics.it/elettrodomestici/grandi-elettrodomestici/lavatrici/lavatrici-standard/candy---lavatrice-9kg-gd-49b8-s-classe-a-bianco/252009062.html,appliances,
euronics,https://www.euronics.it/elettrodomestici/grandi-elettrodomestici/asciugatrici/candy---asciugatrice-cro-eh9n2tbe-s-9kg-classe-d-bianco/252011066.html,appliances,
euronics,https://www.euronics.it/elettrodomestici/grandi-elettrodomestici/frigoriferi/smeg---frigorifero-combinato-fc200xeu-classe-e-331-lt-inox/222013171.html,appliances,
euronics,https://www.euronics.it/elettrodomestici/grandi-elettrodomestici/lavatrici/lavatrici-standard/hoover---lavatrice-h3w-47sbl8h-s-7kg-classe-a-bianco/262008877.html,appliances,
euronics,https://www.euronics.it/elettrodomestici/grandi-elettrodomestici/frigoriferi/cranker---frigorifero-2-porte-cr-dp241be2-classe-e-206lt-bianco/262008153.html,appliances,
euronics,https://www.euronics.it/elettrodomestici/grandi-elettrodomestici/asciugatrici/aeg---asciugatrice-tr8hd9b-9kg-classe-b-bianco/262006851.html,appliances,
euronics,https://www.euronics.it/elettrodomestici/grandi-elettrodomestici/frigoriferi/haier---frigorifero-combinato-htw7720dnmp-classe-d-486-lt-platino--stainless-steel/232011927.html,appliances,
euronics,https://www.euronics.it/elettrodomestici/grandi-elettrodomestici/lavastoviglie/candy---lavastoviglie-cf-4e7l0x-classe-e-14-coperti-acciaio-inossidabile/232003343.html,appliances,
euronics,https://www.euronics.it/elettrodomestici/grandi-elettrodomestici/asciugatrici/electrolux---asciugatrice-ew7h39b-9-kg-classe-b-bianco/252008964.html,appliances,
euronics,https://www.euronics.it/elettrodomestici/grandi-elettrodomestici/lavatrici/lavatrici-standard/miele---lavatrice-wea135-wcs-8-kg-classe-a-bianco/252003475.html,appliances,
euronics,https://www.euronics.it/elettrodomestici/grandi-elettrodomestici/frigoriferi/hisense---frigorifero-2-porte-rt267d4ade-classe-e-206-lt-silver/232012890.html,appliances,
euronics,https://www.euronics.it/elettrodomestici/grandi-elettrodomestici/lavatrici/lavatrici-standard/candy---lavatrice-br-48b6-s-8-kg-classe-a-white/242013690.html,appliances,
euronics,https://www.euronics.it/elettrodomestici/grandi-elettrodomestici/frigoriferi/lg---frigorifero-4-porte-gmg960evje-classe-e-638l-black/242005320.html,appliances,
euronics,https://www.euronics.it/elettrodomestici/grandi-elettrodomestici/asciugatrici/haier---asciugatrice-hd100-d939e-it-10kg-classe-d-bianco/252014900.html,appliances,
euronics,https://www.euronics.it/elettrodomestici/grandi-elettrodomestici/asciugatrici/beko---asciugatrice-bmeut481sai_it-8-kg-classe-c-grigio--bianco/252010447.html,appliances,
euronics,https://www.euronics.it/elettrodomestici/grandi-elettrodomestici/frigoriferi/aaamaze---frigorifero-sotto-tavolo-ahmb06seu0-classe-e-41-lt-nero/242002015.html,appliances,
euronics,https://www.euronics.it/elettrodomestici/grandi-elettrodomestici/asciugatrici/aeg---asciugatrice-xtr9hbga9ya-9-kg-classe-a-bianco/252009382.html,appliances,
euronics,https://www.euronics.it/elettrodomestici/grandi-elettrodomestici/frigoriferi/beko---frigorifero-combinato-b3rcne564hg-classe-e-490-lt-grigio/242004444.html,appliances,
euronics,https://www.euronics.it/elettrodomestici/grandi-elettrodomestici/frigoriferi/atlantic---frigorifero-tavolo-atftmw1101e-classe-e-82-lt-bianco/242016485.html,appliances,
euronics,https://www.euronics.it/elettrodomestici/grandi-elettrodomestici/lavatrici/lavatrici-standard/samsung---lavatrice-ww10fg5u34aeet-10kg-classe-a-bianco/252010981.html,appliances,
euronics,https://www.euronics.it/elettrodomestici/grandi-elettrodomestici/frigoriferi/haier---frigorifero-4-porte-hfr3718enmm-classe-e-402-lt-acciaio-inox/242013696.html,appliances,
euronics,https://www.euronics.it/elettrodomestici/grandi-elettrodomestici/frigoriferi/techlife---frigorifero-tavolo-tffb06b-classe-f-nero/232006693.html,appliances,
euronics,https://www.euronics.it/elettrodomestici/grandi-elettrodomestici/frigoriferi/haier---frigorifero-combinato-414l-htr3620cnmg-classe-c-argento/252010183.html,appliances,
euronics,https://www.euronics.it/elettrodomestici/grandi-elettrodomestici/lavatrici/lavatrici-standard/lg---lavatrice-ai-dd-f4nx5009thb-9kg-1400g-classe-a-bianco/252016041.html,appliances,
euronics,https://www.euronics.it/elettrodomestici/grandi-elettrodomestici/frigoriferi/hisense---frigorifero-side-by-side-rs818n4tie-classe-e-632lt-inox/222010894.html,appliances,
euronics,https://www.euronics.it/elettrodomestici/grandi-elettrodomestici/asciugatrici/candy---asciugatrice-gd-9n2b-s-9kg-classe-d-bianco/262007946.html,appliances,
euronics,https://www.euronics.it/elettrodomestici/grandi-elettrodomestici/lavatrici/lavatrici-standard/candy---lavatrice-gd410g8s-10kg-classe-a-bianco/252015119.html,appliances,
euronics,https://www.euronics.it/elettrodomestici/grandi-elettrodomestici/lavastoviglie/smeg---lavastoviglie-lvs292dn-classe-d-13-coperti-nero/212007336.html,appliances,
euronics,https://www.euronics.it/elettrodomestici/grandi-elettrodomestici/frigoriferi/beko---frigorifero-2-porte-rdsa310m40bn-classe-e-306-lt-sabbia-marmorizzato/232010880.html,appliances,
euronics,https://www.euronics.it/elettrodomestici/grandi-elettrodomestici/frigoriferi/techlife---frigorifero-combinato-tfcb373b-classe-e-331lt-nero/242012813.html,appliances,
euronics,https://www.euronics.it/elettrodomestici/grandi-elettrodomestici/lavatrici/lavatrici-standard/bosch---lavatrice-serie-6-wgg244f1it-9kg-1400g-m-classe-a-bianco/242003766.html,appliances,
euronics,https://www.euronics.it/elettrodomestici/grandi-elettrodomestici/frigoriferi/samsung---frigorifero-multidoor-rf65dg960eb1ef-classe-e-646l-antracite/252008982.html,appliances,
euronics,https://www.euronics.it/elettrodomestici/grandi-elettrodomestici/lavatrici/lavatrici-standard/techlife---lavatrice-tfwm1014alx-10kg-classe-a-bianco/252012121.html,appliances,
euronics,https://www.euronics.it/elettrodomestici/grandi-elettrodomestici/lavatrici/lavatrici-standard/beko---lavatrice-bmweu10147da-10kg-classe-a-antracite--bianco/252011911.html,appliances,
euronics,https://www.euronics.it/elettrodomestici/grandi-elettrodomestici/lavastoviglie/techlife---lavastoviglie-tfdw143cs-classe-e-14-coperti-silver/242006719.html,appliances,
euronics,https://www.euronics.it/elettrodomestici/grandi-elettrodomestici/lavatrici/lavatrici-standard/haier---lavatrice-hw90-b14367u1-it-9kg-classe-a-argento--bianco/252008839.html,appliances,
euronics,https://www.euronics.it/elettrodomestici/grandi-elettrodomestici/frigoriferi/hisense---frigorifero-combinato-rb390n4ace-classe-e-304-lt-inox/232003322.html,appliances,
euronics,https://www.euronics.it/elettrodomestici/grandi-elettrodomestici/lavatrici/lavatrici-standard/whirlpool---lavatrice-ffb-948-bsv-it-9-kg-classe-a-bianco/242003528.html,appliances,
euronics,https://www.euronics.it/elettrodomestici/grandi-elettrodomestici/asciugatrici/samsung---asciugatrice-dv90f09f4su3-9kg-classe-a-nero/252006625.html,appliances,
euronics,https://www.euronics.it/elettrodomestici/grandi-elettrodomestici/frigoriferi/bosch---frigorifero-combinato-kgn49xlea-classe-e-203x70-cm-metal-look/202004904.html,appliances,
euronics,https://www.euronics.it/elettrodomestici/grandi-elettrodomestici/frigoriferi/beko---frigorifero-combinato-b5rcna345hg2-classe-d-301-lt-metal-grey/252007592.html,appliances,
euronics,https://www.euronics.it/elettrodomestici/grandi-elettrodomestici/frigoriferi/samsung---frigorifero-side-by-side-rs57dg400em9ef-classe-e-metal-inox/242015489.html,appliances,
euronics,https://www.euronics.it/elettrodomestici/grandi-elettrodomestici/frigoriferi/techlife---frigorifero-4-porte-tfmfnf481black1-classe-e-362lt-nero/252010785.html,appliances,
euronics,https://www.euronics.it/elettrodomestici/grandi-elettrodomestici/frigoriferi/sharp---frigorifero-combinato-sj-nba31iebgd-classe-d-331lt-nero/242017274.html,appliances,
euronics,https://www.euronics.it/elettrodomestici/grandi-elettrodomestici/lavatrici/lavatrici-standard/bosch---lavatrice-serie-4-wan28218it-8kg-1400g-classe-a-bianco/262000004.html,appliances,
euronics,https://www.euronics.it/elettrodomestici/grandi-elettrodomestici/lavatrici/lavatrici-standard/smeg---lavatrice-7kg-classe-a-w3c072a-bianco/262008337.html,appliances,
euronics,https://www.euronics.it/elettrodomestici/grandi-elettrodomestici/lavatrici/lavatrici-standard/techlife---lavatrice-tfwm1014aix-10kg-classe-a-grigio/252012122.html,appliances,
euronics,https://www.euronics.it/elettrodomestici/grandi-elettrodomestici/lavatrici/lavatrici-standard/aeg---lavatrice-ltr7e37s-7-kg-classe-a-bianco/242003285.html,appliances,
euronics,https://www.euronics.it/elettrodomestici/grandi-elettrodomestici/lavatrici/lavatrici-standard/whirlpool---lavatrice-ffb-9479-bv-it-9-kg-classe-a/242018608.html,appliances,
euronics,https://www.euronics.it/elettrodomestici/grandi-elettrodomestici/frigoriferi/dcg-eltronic---frigorifero-1-porta-mf100r-classe-e-100-lt-rosso/242006907.html,appliances,
euronics,https://www.euronics.it/elettrodomestici/grandi-elettrodomestici/lavastoviglie/electrolux---lavastoviglie-esa47200sx-classe-e-13-coperti-inox-antimpronta/232002171.html,appliances,
euronics,https://www.euronics.it/elettrodomestici/grandi-elettrodomestici/lavastoviglie/bosch---lavastoviglie-sps2hkw55e-classe-d-10-coperti-bianco/262001769.html,appliances,
euronics,https://www.euronics.it/elettrodomestici/grandi-elettrodomestici/asciugatrici/asko---asciugatrice-t-711-huxlw-11kg-classe-c-bianco/252015418.html,appliances,
euronics,https://www.euronics.it/elettrodomestici/grandi-elettrodomestici/lavatrici/lavatrici-standard/aeg---lavatrice-lr8fh104vy-10-kg-classe-a-bianco/252001954.html,appliances,
euronics,https://www.euronics.it/elettrodomestici/grandi-elettrodomestici/frigoriferi/hisense---frigorifero-4-porte-rq760n4ife-classe-e-585-lt-black-inox/232002165.html,appliances,
euronics,https://www.euronics.it/elettrodomestici/grandi-elettrodomestici/lavatrici/lavatrici-standard/lg---lavatrice-f4nx5009tkc-9kg-classe-a-bianco/262002457.html,appliances,
euronics,https://www.euronics.it/elettrodomestici/grandi-elettrodomestici/frigoriferi/lg---frigorifero-combinato-gbbw322cpy-classe-c-465lt-argento/252011732.html,appliances,
euronics,https://www.euronics.it/elettrodomestici/grandi-elettrodomestici/asciugatrici/smeg---asciugatrice-ast1t08eud-8kg-classe-d-bianco/252013303.html,appliances,
euronics,https://www.euronics.it/elettrodomestici/grandi-elettrodomestici/lavatrici/lavatrici-standard/asko---lavatrice-w-7096-xg-9kg-classe-a-graphite-black/252014694.html,appliances,
euronics,https://www.euronics.it/elettrodomestici/grandi-elettrodomestici/lavastoviglie/smeg---lavastoviglie-lvs342cqsx-classe-c-14-coperti-argento/242003436.html,appliances,
euronics,https://www.euronics.it/elettrodomestici/grandi-elettrodomestici/lavastoviglie/daya---lavastoviglie-dsdw138el-classe-e-13-coperti-bianco-acciaio/252013538.html,appliances,
euronics,https://www.euronics.it/elettrodomestici/grandi-elettrodomestici/frigoriferi/samsung---frigorifero-2-porte-rt38cg6624s9es-classe-e-393-lt-metal-inox/232008296.html,appliances,
euronics,https://www.euronics.it/elettrodomestici/grandi-elettrodomestici/frigoriferi/comfee---frigorifero-2-porte-rct284ds2-classe-e-204-lt-grigio/242004587.html,appliances,
euronics,https://www.euronics.it/elettrodomestici/caffe/macchine-caffe-a-capsule-o-cialde/ariete---1389a-vintage-macchina-da-caffe-espresso-beige/172015159.html,appliances,
euronics,https://www.euronics.it/elettrodomestici/caffe/macchine-caffe-a-capsule-o-cialde/de-longhi---macchina-per-caffe-dolce-gusto-neolatte-bianco-grigio-scuro/262008735.html,appliances,
euronics,https://www.euronics.it/elettrodomestici/caffe/macchine-caffe-espresso/ninja---macchina-da-caffe-filtro-capsule-prestige-dualbrew-nero/262011500.html,appliances,
euronics,https://www.euronics.it/elettrodomestici/caffe/macchine-caffe-a-capsule-o-cialde/polti---macchina-da-caffe-cialde-ese-coffea-s15b54-cialde-nero/232008092.html,appliances,
euronics,https://www.euronics.it/elettrodomestici/caffe/macchine-caffe-a-capsule-o-cialde/didiesse---macchina-da-caffe-espresso-darkside-grigio/252007774.html,appliances,
euronics,https://www.euronics.it/elettrodomestici/caffe/macchine-caffe-a-capsule-o-cialde/de-longhi---nescafe-dolce-gusto-genio-s-plus-edg315.b-nero/202007749.html,appliances,
euronics,https://www.euronics.it/elettrodomestici/caffe/macchine-caffe-automatiche/philips---baristina-montalatte-bar311-00-bianco/262006037.html,appliances,
euronics,https://www.euronics.it/elettrodomestici/caffe/macchine-caffe-a-capsule-o-cialde/hisense---macchina-da-caffe-espresso-hescm15dbk-inox/232008771.html,appliances,
euronics,https://www.euronics.it/elettrodomestici/caffe/macchine-caffe-espresso/de-longhi---macchina-da-caffe-la-specialista-arte-ec9155.mb-metal-black/262007392.html,appliances,
euronics,https://www.euronics.it/elettrodomestici/caffe/macchine-caffe-a-capsule-o-cialde/lavazza---macchina-da-caffe-tiny-bianco/262011189.html,appliances,
euronics,https://www.euronics.it/elettrodomestici/caffe/macchine-caffe-a-capsule-o-cialde/de-longhi---en80.bae-inissia-and-aeroccino-nespresso-nero/162011300.html,appliances,
euronics,https://www.euronics.it/elettrodomestici/caffe/macchine-caffe-automatiche/didiesse---frog-revolution-vapor---borbone-avorio/182004293.html,appliances,
euronics,https://www.euronics.it/elettrodomestici/caffe/macchine-caffe-a-capsule-o-cialde/didiesse---macchina-da-caffe-espresso-baby-frog-coffee-and-tea-nero/252009189.html,appliances,
euronics,https://www.euronics.it/elettrodomestici/caffe/macchine-caffe-espresso/hisense---macchina-da-caffe-espresso-hescm15cd-acciaio-inox/262008174.html,appliances,
euronics,https://www.euronics.it/elettrodomestici/caffe/macchine-caffe-automatiche/philips---macchina-da-caffe-baristina-bar320-60-nero/262006036.html,appliances,
euronics,https://www.euronics.it/elettrodomestici/caffe/macchine-caffe-automatiche/de-longhi---macchina-da-caffe-magnifica-start-ecam220.50.tb-titanium---black/262003872.html,appliances,
euronics,https://www.euronics.it/elettrodomestici/caffe/macchine-caffe-a-capsule-o-cialde/lavazza---macchina-da-caffe-lm-860-jolie-a-modo-mio-evo-green/242006023.html,appliances,
euronics,https://www.euronics.it/elettrodomestici/caffe/macchine-caffe-automatiche/de-longhi---macchina-da-caffe-dinamica-plus-ecam380.85.sb-grigio-nero/232011698.html,appliances,
euronics,https://www.euronics.it/elettrodomestici/caffe/macchine-caffe-a-capsule-o-cialde/wacaco---macchina-per-caffe-espresso-cuppamoka-grigio/232004738.html,appliances,
euronics,https://www.euronics.it/elettrodomestici/caffe/macchine-caffe-automatiche/krups---macchina-da-caffe-automatica-sa401le0-verde/262006649.html,appliances,
euronics,https://www.euronics.it/elettrodomestici/caffe/macchine-caffe-a-capsule-o-cialde/polti---macchina-da-caffe-cialde-ese-coffea-s15w54-cialde-bianco/232008093.html,appliances,
euronics,https://www.euronics.it/elettrodomestici/caffe/macchine-caffe-a-capsule-o-cialde/bialetti---macchina-da-caffe-bundle-dama-cialde-ese30cialde-red/232011808.html,appliances,
euronics,https://www.euronics.it/elettrodomestici/caffe/macchine-caffe-automatiche/ariete---1304-1-macchina-da-caff-espresso-a-cassetti-nero/252006964.html,appliances,
euronics,https://www.euronics.it/elettrodomestici/caffe/macchine-caffe-a-capsule-o-cialde/illy---macchina-da-caffe-60411-y3.3-bianco/202013237.html,appliances,
euronics,https://www.euronics.it/elettrodomestici/caffe/macchine-caffe-automatiche/philips---macchina-da-caffe-series-2300-lattego-ep2334-10/242003322.html,appliances,
euronics,https://www.euronics.it/elettrodomestici/caffe/macchine-caffe-a-capsule-o-cialde/caffe-borbone---macchina-da-caffe-simplymoonblu-blu/252013026.html,appliances,
euronics,https://www.euronics.it/elettrodomestici/caffe/macchine-caffe-automatiche/philips---macchina-da-caffe-baristina-bean-swap-bar320-00-bianco-bianco/262006035.html,appliances,
euronics,https://www.euronics.it/elettrodomestici/caffe/macchine-caffe-a-capsule-o-cialde/didiesse---frog-revolution-vapor---borbone-nero-lucido/182004279.html,appliances,
euronics,https://www.euronics.it/elettrodomestici/caffe/macchine-caffe-a-capsule-o-cialde/de-longhi---inissia-nespresso-en80.b-macchina-per-caffe-nero/132014529.html,appliances,
euronics,https://www.euronics.it/elettrodomestici/caffe/macchine-caffe-espresso/ariete---moka-elettrica-1358a-caf-ariete-capri-int-bianco--blu/262004713.html,appliances,
euronics,https://www.euronics.it/elettrodomestici/cucina---cottura-cibi/friggitrici/princess---friggitrice-ad-aria-dual-vertical-nero/252013443.html,appliances,
euronics,https://www.euronics.it/elettrodomestici/cucina---cottura-cibi/friggitrici/beko---friggitrice-ad-aria-frl5474b-nero/252012334.html,appliances,
euronics,https://www.euronics.it/elettrodomestici/cucina---cottura-cibi/friggitrici/russell-hobbs---friggitrice-ad-aria-27290-56-nero/232009937.html,appliances,
euronics,https://www.euronics.it/elettrodomestici/cucina---cottura-cibi/friggitrici/ariete---friggitrice-ad-aria-4628-acciaio-inossidabile/232005732.html,appliances,
euronics,https://www.euronics.it/elettrodomestici/cucina---cottura-cibi/friggitrici/hisense---friggitrice-ad-aria-con-doppio-cestello-haf2700dcd-nero/252010327.html,appliances,
euronics,https://www.euronics.it/elettrodomestici/cucina---cottura-cibi/friggitrici/ninja---friggitrice-ad-aria-9-5-lt-sl400eu-grigio/242004560.html,appliances,
euronics,https://www.euronics.it/elettrodomestici/cucina---cottura-cibi/friggitrici/midea---friggitrice-ad-aria-mad70000adk-nero/252009764.html,appliances,
euronics,https://www.euronics.it/elettrodomestici/cucina---cottura-cibi/friggitrici/nutribullet---friggitrice-ad-aria-nba081b-nero/242016347.html,appliances,
euronics,https://www.euronics.it/elettrodomestici/cucina---cottura-cibi/friggitrici/ardes---friggitrice-ad-aria-arfrya08lv/232012417.html,appliances,
euronics,https://www.euronics.it/elettrodomestici/cucina---cottura-cibi/friggitrici/philips---airfryer-serie-5000-da-9l-cottura-vapore-na555-00-inox/252002936.html,appliances,
euronics,https://www.euronics.it/elettrodomestici/cucina---cottura-cibi/friggitrici/ariete---4618-airy-fryer-xxl-friggitrice-ad-aria-7l-bianco/222012466.html,appliances,
euronics,https://www.euronics.it/elettrodomestici/cucina---cottura-cibi/friggitrici/moulinex---friggitrice-ad-aria-ez905d20-argento/242014978.html,appliances,
euronics,https://www.euronics.it/elettrodomestici/cucina---cottura-cibi/friggitrici/nutribullet---friggitrice-ad-aria-airfry-nba0611dg-grigio-scuro/252003510.html,appliances,
euronics,https://www.euronics.it/elettrodomestici/cucina---cottura-cibi/friggitrici/hisense---friggitrice-ad-aria-haf1900d-nero/242017179.html,appliances,
euronics,https://www.euronics.it/elettrodomestici/cucina---cottura-cibi/friggitrici/ardes---friggitrice-ad-aria-arfrya08lvw-bianco/242001623.html,appliances,
euronics,https://www.euronics.it/elettrodomestici/cucina---cottura-cibi/friggitrici/g3ferrari---friggitrice-ad-aria-g10207-nero-argento/252007590.html,appliances,
euronics,https://www.euronics.it/elettrodomestici/cucina---cottura-cibi/friggitrici/g3ferrari---friggitrici-ad-aria-friggisano-star-g10215-nero-silver/252010379.html,appliances,
euronics,https://www.euronics.it/elettrodomestici/cucina---cottura-cibi/friggitrici/ariete---4636-00-friggitrice-ad-aria--vapore-e-grill-black/242017625.html,appliances,
euronics,https://www.euronics.it/elettrodomestici/cucina---cottura-cibi/friggitrici/philips---friggitrice-airfryer-serie-4000-da-10l-na462-80-bianco/252013092.html,appliances,
euronics,https://www.euronics.it/elettrodomestici/cucina---cottura-cibi/friggitrici/black-and-decker---friggitrice-ad-aria-bxaf8000e-grigio-nero/252015965.html,appliances,
euronics,https://www.euronics.it/elettrodomestici/cucina---cottura-cibi/friggitrici/hisense---friggitrice-ad-aria-haf2100dcd-nero/252010325.html,appliances,
euronics,https://www.euronics.it/elettrodomestici/cucina---cottura-cibi/friggitrici/de-longhi---fh2101.w-bianco/192003639.html,appliances,
euronics,https://www.euronics.it/elettrodomestici/cucina---cottura-cibi/friggitrici/melchioni-family---friggitrice-6-5l-doppia-resistenza-arianna-grigio-plastica/252010943.html,appliances,
euronics,https://www.euronics.it/elettrodomestici/cucina---cottura-cibi/friggitrici/melchioni-family---friggitrice-ad-aria-10l-2600w-giulia-nero-pastica/262000121.html,appliances,
euronics,https://www.euronics.it/elettrodomestici/cucina---cottura-cibi/friggitrici/ninja---friggitrice-ad-aria-flexdrawer-da-10-4l-nero/232011602.html,appliances,
euronics,https://www.euronics.it/elettrodomestici/cucina---cottura-cibi/friggitrici/ariete---friggitrice-ad-aria-4626-bianco-bianco/232013802.html,appliances,
euronics,https://www.euronics.it/elettrodomestici/cucina---cottura-cibi/friggitrici/moulinex---friggitrice-ad-aria-easy-fry-mega-compact-ez8618f0/262005823.html,appliances,
euronics,https://www.euronics.it/elettrodomestici/cucina---cottura-cibi/friggitrici/melchioni-family---friggitrice-ad-aria-virginia-nero/232011883.html,appliances,
euronics,https://www.euronics.it/elettrodomestici/cucina---cottura-cibi/friggitrici/princess---friggitrice-ad-aria-182467-nero-plastica-acciaio/252015653.html,appliances,
euronics,https://www.euronics.it/elettrodomestici/cucina---cottura-cibi/friggitrici/tognana---friggitrice-ad-aria-da-10l-iridea-grigio-perla/262000030.html,appliances,
euronics,https://www.euronics.it/elettrodomestici/pulizia--stiro-e-cucito/aspirapolvere-a-bidone/ribimex---aspirapolvere-a-bidone-ceneplus-nero-verde/222012238.html,appliances,
euronics,https://www.euronics.it/elettrodomestici/pulizia--stiro-e-cucito/aspirapolvere-a-bidone/karcher---aspirapolvere-a-bidone-t111classic-nero-giallo/242003727.html,appliances,
euronics,https://www.euronics.it/elettrodomestici/pulizia--stiro-e-cucito/scope-elettriche/black-and-decker---scopa-elettrica-bxmc400e-nero-blu/242005992.html,appliances,
euronics,https://www.euronics.it/elettrodomestici/pulizia--stiro-e-cucito/scope-elettriche/hoover---scopa-elettrica-hw3p10-011-nero/262002591.html,appliances,
euronics,https://www.euronics.it/elettrodomestici/pulizia--stiro-e-cucito/aspirapolvere-robot/dreame---aspirapolvere-robot-l10s-ultra-combo-3-dust-bag-bianco/232011937.html,appliances,
euronics,https://www.euronics.it/elettrodomestici/pulizia--stiro-e-cucito/aspirapolvere-robot/irobot---aspirapolvere-lavapavimenti-2in1-roomba-115-combo-white/262008123.html,appliances,
euronics,https://www.euronics.it/elettrodomestici/pulizia--stiro-e-cucito/aspirapolvere-a-traino/miele---aspirapolvere-a-traino-guard-l1-allergy-bianco-brillante/252002191.html,appliances,
euronics,https://www.euronics.it/elettrodomestici/pulizia--stiro-e-cucito/scope-elettriche/shark---aspirapolvere-senza-filo-detect-pro-iw1611eu-bianco-rosa-viola/232011631.html,appliances,
euronics,https://www.euronics.it/elettrodomestici/pulizia--stiro-e-cucito/scope-elettriche/mova---lavapavimenti-m50-vim-ultra-nero-oro/262006496.html,appliances,
euronics,https://www.euronics.it/elettrodomestici/pulizia--stiro-e-cucito/scope-elettriche/dreame---z30-pro-aquavim-nero/262004633.html,appliances,
euronics,https://www.euronics.it/elettrodomestici/pulizia--stiro-e-cucito/aspirapolvere-a-traino/bosch---aspirapolvere-a-traino-bgs05a222-nero--bianco/242002294.html,appliances,
euronics,https://www.euronics.it/elettrodomestici/pulizia--stiro-e-cucito/aspirapolvere-robot/dreame---aspirapolvere-robot-d20-ultra-vim-bianco/252011846.html,appliances,
euronics,https://www.euronics.it/elettrodomestici/pulizia--stiro-e-cucito/scope-elettriche/hoover---scopa-elettrica-hf610p-replacement-broom-nero--metallico/252011420.html,appliances,
euronics,https://www.euronics.it/elettrodomestici/pulizia--stiro-e-cucito/aspirapolvere-robot/ezviz---aspirapolvere-robot-re5-plus-bianco/242001700.html,appliances,
euronics,https://www.euronics.it/elettrodomestici/pulizia--stiro-e-cucito/scope-elettriche/ariete---2759-handy-force-rbt-scopa-elettrica-con-filo-nero--rosso/192012378.html,appliances,
euronics,https://www.euronics.it/elettrodomestici/pulizia--stiro-e-cucito/aspirapolvere-a-traino/rowenta---ro2932-aspirapolvere-traino/212014274.html,appliances,
euronics,https://www.euronics.it/elettrodomestici/pulizia--stiro-e-cucito/aspirapolvere-a-traino/hoover---aspirapolvere-a-traino-hp410p-011-nero/262009121.html,appliances,
euronics,https://www.euronics.it/elettrodomestici/pulizia--stiro-e-cucito/aspirapolvere-robot/roborock---aspirapolvere-robot-saros-z70-white/252006587.html,appliances,
euronics,https://www.euronics.it/elettrodomestici/pulizia--stiro-e-cucito/scope-elettriche/samsung---scopa-elettrica-bespoke-jet-2.0-pet-vs20b95823w-misty-white/242005014.html,appliances,
euronics,https://www.euronics.it/elettrodomestici/pulizia--stiro-e-cucito/scope-elettriche/bosch---bbhf216-blu/192012195.html,appliances,
euronics,https://www.euronics.it/elettrodomestici/pulizia--stiro-e-cucito/scope-elettriche/rowenta---rh8133wa-powerline-extremecyclonic-scopa-elettrica-rosso-arancione/172011509.html,appliances,
euronics,https://www.euronics.it/elettrodomestici/pulizia--stiro-e-cucito/aspirapolvere-a-traino/miele---aspirapolvere-a-traino-guard-m1-parquet-flex-bianco-brillante/252002187.html,appliances,
euronics,https://www.euronics.it/elettrodomestici/pulizia--stiro-e-cucito/aspirapolvere-a-traino/rowenta---aspirapolvere-a-traino-ro3126ea/222010158.html,appliances,
euronics,https://www.euronics.it/elettrodomestici/pulizia--stiro-e-cucito/scope-elettriche/mova---m50-vim-nero/262004766.html,appliances,
euronics,https://www.euronics.it/elettrodomestici/pulizia--stiro-e-cucito/aspirapolvere-robot/roborock---aspirapolvere-robot-qrevo-edge-2-pro-w-bianco/262009113.html,appliances,
euronics,https://www.euronics.it/elettrodomestici/pulizia--stiro-e-cucito/scope-elettriche/rowenta---scopa-elettrica-xforce-flex-9.60-rh2037/232003488.html,appliances,
euronics,https://www.euronics.it/elettrodomestici/pulizia--stiro-e-cucito/aspirapolvere-a-traino/bosch---aspirapolvere-a-traino-con-sacco-serie-4-bgb41ba1/252008539.html,appliances,
euronics,https://www.euronics.it/elettrodomestici/pulizia--stiro-e-cucito/scope-elettriche/mova---lavapavimenti-m10-vim-%28versione-ita%29-grigio/252014737.html,appliances,
euronics,https://www.euronics.it/elettrodomestici/pulizia--stiro-e-cucito/scope-elettriche/rowenta---x-force-flex-14.80-animal-care-rh9b74wo-blush/252006825.html,appliances,
euronics,https://www.euronics.it/elettrodomestici/pulizia--stiro-e-cucito/scope-elettriche/dreame---lavapavimenti-g10vim-pro-versione-mercato-italiano-nero/252014835.html,appliances,
euronics,https://www.euronics.it/elettrodomestici/pulizia--stiro-e-cucito/scope-elettriche/rowenta---rh8037wa-powerline-extreme--scopa-elettrica-bianco/172013550.html,appliances,
euronics,https://www.euronics.it/elettrodomestici/pulizia--stiro-e-cucito/scope-elettriche/samsung---vs20a95943n-wa-bespoke-jet-woody-green/222002974.html,appliances,
euronics,https://www.euronics.it/elettrodomestici/pulizia--stiro-e-cucito/aspirapolvere-a-traino/ariete---2791-nero--grigio--rosso/202012513.html,appliances,
euronics,https://www.euronics.it/elettrodomestici/pulizia--stiro-e-cucito/aspirapolvere-a-bidone/karcher---bidone-aspira-solidi-liquidi-kwd3v17420f-giallo/222011515.html,appliances,
euronics,https://www.euronics.it/elettrodomestici/pulizia--stiro-e-cucito/aspirapolvere-robot/mova---robot-aspira-e-lava-e40-ultra-vim-bianco/252014442.html,appliances,
euronics,https://www.euronics.it/elettrodomestici/pulizia--stiro-e-cucito/aspirapolvere-a-traino/hoover---ks60handcar-011/192010605.html,appliances,
euronics,https://www.euronics.it/elettrodomestici/pulizia--stiro-e-cucito/scope-elettriche/samsung---scopa-elettrica-vs90f40dek-wa-satin-black/252003415.html,appliances,
euronics,https://www.euronics.it/elettrodomestici/pulizia--stiro-e-cucito/scope-elettriche/dyson---scopa-elettrica-pencilvac-fluffycones-black/252016217.html,appliances,
euronics,https://www.euronics.it/elettrodomestici/pulizia--stiro-e-cucito/scope-elettriche/dyson---scopa-elettrica-cyclone-v10-fluffy-nickel-iron-copper/262007356.html,appliances,
euronics,https://www.euronics.it/elettrodomestici/pulizia--stiro-e-cucito/aspirapolvere-a-bidone/karcher---bidone-aspirapolvere-kwd1wv12218-giallo/222011514.html,appliances,
euronics,https://www.euronics.it/elettrodomestici/pulizia--stiro-e-cucito/scope-elettriche/ariete---scopa-elettrica-con-filo-2358-rosso/252007243.html,appliances,
euronics,https://www.euronics.it/elettrodomestici/pulizia--stiro-e-cucito/aspirapolvere-a-traino/rowenta---aspirapolvere-a-traino-g-force-classic-ro4931ea-nero/222010146.html,appliances,
euronics,https://www.euronics.it/elettrodomestici/pulizia--stiro-e-cucito/scope-elettriche/hoover---dve02bl/192010627.html,appliances,
euronics,https://www.euronics.it/elettrodomestici/pulizia--stiro-e-cucito/scope-elettriche/dreame---scopa-elettrica-h14-pro-nero-bianco/242014332.html,appliances,
euronics,https://www.euronics.it/elettrodomestici/pulizia--stiro-e-cucito/aspirapolvere-robot/dreame---robot-x50-ultra-complete-combo-vm-extra-mops-nero-oro/252003146.html,appliances,
euronics,https://www.euronics.it/elettrodomestici/pulizia--stiro-e-cucito/aspirapolvere-robot/ecovacs---robot-aspirapolvere-deebot-x12-omnicyclone-nero/262004877.html,appliances,
euronics,https://www.euronics.it/elettrodomestici/pulizia--stiro-e-cucito/scope-elettriche/shark---scopa-elettrica-senza-filo-detect-pro-max-ip1251eu-grigio-viola/252002910.html,appliances,
euronics,https://www.euronics.it/elettrodomestici/pulizia--stiro-e-cucito/aspirapolvere-robot/dyson---r2-nurovi-light-grey-and-vinca-blue/262010073.html,appliances,
euronics,https://www.euronics.it/elettrodomestici/pulizia--stiro-e-cucito/scope-elettriche/samsung---scopa-elettrica-vs15a60agr5-wa-teal-silver/242000268.html,appliances,
euronics,https://www.euronics.it/elettrodomestici/pulizia--stiro-e-cucito/scope-elettriche/bosch---bch3k2851-blu/222002107.html,appliances,
euronics,https://www.euronics.it/elettrodomestici/cucina---cottura-cibi/forni-a-microonde/techlife---forno-microonde-mg720cpk-nero/232011818.html,appliances,
euronics,https://www.euronics.it/elettrodomestici/cucina---cottura-cibi/forni-a-microonde/candy---forno-microonde-ca4mwnbb6n-nero--acciaio-inox/252006515.html,appliances,
euronics,https://www.euronics.it/elettrodomestici/cucina---cottura-cibi/forni-a-microonde/samsung---forno-microonde-ms20a3010ah-et-bianco/242002866.html,appliances,
euronics,https://www.euronics.it/elettrodomestici/cucina---cottura-cibi/forni-a-microonde/samsung---mg23t5018ge-et-porcellana/212002001.html,appliances,
euronics,https://www.euronics.it/elettrodomestici/cucina---cottura-cibi/forni-a-microonde/samsung---forno-microonde-da-incasso-mg22m74t-nero-e-acciaio/222012979.html,appliances,
euronics,https://www.euronics.it/elettrodomestici/cucina---cottura-cibi/forni-a-microonde/whirlpool---forno-microonde-cook20-mwp-101-w-bianco/212002277.html,appliances,
euronics,https://www.euronics.it/elettrodomestici/cucina---cottura-cibi/forni-a-microonde/hotpoint-ariston---mf20s-ix-ha/212003032.html,appliances,
euronics,https://www.euronics.it/elettrodomestici/cucina---cottura-cibi/forni-a-microonde/hisense---forno-microonde-h20mobsp1hi-nero/262009271.html,appliances,
euronics,https://www.euronics.it/elettrodomestici/cucina---cottura-cibi/forni-a-microonde/candy---mic25gdfx-inox/152015507.html,appliances,
euronics,https://www.euronics.it/elettrodomestici/cucina---cottura-cibi/forni-a-microonde/asko---forno-microonde-celsius-cooking-ocm-24-bgh-black-glass/252009102.html,appliances,
euronics,https://www.euronics.it/elettrodomestici/cucina---cottura-cibi/forni-a-microonde/hisense---forno-microonde-20-lt-h20mombs4hg-specchio/232008520.html,appliances,
euronics,https://www.euronics.it/elettrodomestici/cucina---cottura-cibi/forni-a-microonde/asko---forno-microonde-da-incasso-38-cm-om-23-bgc-black-glass/252009094.html,appliances,
euronics,https://www.euronics.it/elettrodomestici/cucina---cottura-cibi/forni-a-microonde/samsung---forno-microonde-da-incasso-mg20a7013ct-et-inox-anti-impronta/232000846.html,appliances,
euronics,https://www.euronics.it/elettrodomestici/cucina---cottura-cibi/forni-a-microonde/whirlpool---forno-microonde-extraspace-mwf-259-sb-black-silver/232002100.html,appliances,
euronics,https://www.euronics.it/elettrodomestici/cucina---cottura-cibi/forni-a-microonde/panasonic---forno-microonde-nn-sm22qbepg-nero/252009757.html,appliances,
euronics,https://www.euronics.it/elettrodomestici/bellezza--salute--benessere/epilatori-e-depilatori/braun---face-fs1000-bianco/212000651.html,appliances,
euronics,https://www.euronics.it/elettrodomestici/bellezza--salute--benessere/spazzolini-elettrici/oral-b---spazzolino-elettrico-io2-rosa/252000695.html,appliances,
euronics,https://www.euronics.it/elettrodomestici/bellezza--salute--benessere/piastre/remington---s8540/172017858.html,appliances,
euronics,https://www.euronics.it/elettrodomestici/bellezza--salute--benessere/rasoi/rowenta---regolabarba-multifunzione-8-in-1-tn8934e0-bianco-nero/252010543.html,appliances,
euronics,https://www.euronics.it/elettrodomestici/bellezza--salute--benessere/piastre/gama---piastra-per-capelli-keration-elegance/232004353.html,appliances,
euronics,https://www.euronics.it/elettrodomestici/bellezza--salute--benessere/asciugacapelli/bellissima-imetec---asciugacapelli-da-viaggio-b-travel-con-beauty-bag-nero--oro/232003547.html,appliances,
euronics,https://www.euronics.it/elettrodomestici/bellezza--salute--benessere/piastre/dyson---styler-airwrap-i.d.-capelli-ricci-e-molto-ricci-oro-rosa/252010205.html,appliances,
euronics,https://www.euronics.it/elettrodomestici/bellezza--salute--benessere/rasoi/braun---rasoio-series-7-72-c7650cc-oro/242013271.html,appliances,
euronics,https://www.euronics.it/elettrodomestici/bellezza--salute--benessere/epilatori-e-depilatori/braun---epilatore-silk-epil-5-5-011-bianco-grigio/242002456.html,appliances,
euronics,https://www.euronics.it/elettrodomestici/bellezza--salute--benessere/asciugacapelli/babyliss---asciugacapelli-6719de-grigio-bronzo/232004953.html,appliances,
euronics,https://www.euronics.it/elettrodomestici/bellezza--salute--benessere/piastre/gama---piastra-per-capelli-led-titanio-4d-nero/232004359.html,appliances,
euronics,https://www.euronics.it/elettrodomestici/bellezza--salute--benessere/rasoi/wahl---travel-shaver-rasoio-da-viaggio/172006255.html,appliances,
euronics,https://www.euronics.it/elettrodomestici/bellezza--salute--benessere/epilatori-a-luce-pulsata/philips---epilatore-a-luce-pulsata-bri940-00/232001663.html,appliances,
euronics,https://www.euronics.it/elettrodomestici/bellezza--salute--benessere/rasoi/braun---rasoio-bg-5550-grigio/252002140.html,appliances,
euronics,https://www.euronics.it/elettrodomestici/bellezza--salute--benessere/spazzolini-elettrici/panasonic---idropulsore-portatile-ew-dj26-azzurro/242006767.html,appliances,
euronics,https://www.euronics.it/elettrodomestici/bellezza--salute--benessere/spazzolini-elettrici/oral-b---testine-di-ricambio-pro-cross-action-bianco/232009168.html,appliances,
euronics,https://www.euronics.it/elettrodomestici/bellezza--salute--benessere/asciugacapelli/babyliss---d572de-nero-argento/192012823.html,appliances,
euronics,https://www.euronics.it/elettrodomestici/bellezza--salute--benessere/epilatori-a-luce-pulsata/braun---epilatore-a-luce-pulsata-ipl-pl5210-box-euro-bianco-oro/262001031.html,appliances,
euronics,https://www.euronics.it/elettrodomestici/bellezza--salute--benessere/asciugacapelli/laifen---asciugacapelli-hair-dryer-mini-pink/262001776.html,appliances,
euronics,https://www.euronics.it/elettrodomestici/bellezza--salute--benessere/asciugacapelli/remington---asciugacapelli-d3016gp-nero-viola/242006997.html,appliances,
euronics,https://www.euronics.it/elettrodomestici/bellezza--salute--benessere/asciugacapelli/gama---diamond-ion-bianco/172011143.html,appliances,
euronics,https://www.euronics.it/elettrodomestici/bellezza--salute--benessere/asciugacapelli/beurer---hc-25-asciugacapelli-pieghevole-da-viaggio-nero/212006901.html,appliances,
euronics,https://www.euronics.it/elettrodomestici/bellezza--salute--benessere/rasoi/philips---rasoio-uomo-wet-and-dry-s8692-35/232008811.html,appliances,
euronics,https://www.euronics.it/elettrodomestici/bellezza--salute--benessere/asciugacapelli/philips---asciugacapelli-bhd360-20/232000897.html,appliances,
euronics,https://www.euronics.it/elettrodomestici/bellezza--salute--benessere/spazzolini-elettrici/beurer---testine-spazzolini-rotanti-beurer-tb-sensitive-4pz-bianco/262006661.html,appliances,
euronics,https://www.euronics.it/elettrodomestici/bellezza--salute--benessere/spazzolini-elettrici/oral-b---testine-di-ricambio-pro-sensitive-clean-bianco/232009069.html,appliances,
euronics,https://www.euronics.it/elettrodomestici/bellezza--salute--benessere/epilatori-e-depilatori/braun---mini-depilatore-viso-face-fs1000-bianco/262007831.html,appliances,
euronics,https://www.euronics.it/elettrodomestici/bellezza--salute--benessere/rasoi/braun---rasoio-shaver-72-c1200s-oro/252009397.html,appliances,
euronics,https://www.euronics.it/elettrodomestici/bellezza--salute--benessere/spazzolini-elettrici/panasonic---idropulsore-con-tecnologia-ultrasonica-ew-dj66-blu/242012940.html,appliances,
euronics,https://www.euronics.it/elettrodomestici/bellezza--salute--benessere/epilatori-e-depilatori/braun---epilatore-silk-epil-3-3-000-bianco-viola/242003316.html,appliances,
toyscenter,https://www.toyscenter.it/prodotto/lego-minecraft-stazione-di-ghast-21597/,toys,
toyscenter,https://www.toyscenter.it/prodotto/lego-friends-42689-casa-amicizia-heartlake-city/,toys,
toyscenter,https://www.toyscenter.it/prodotto/lego-creator-dipingiamo-luovo-di-pasqua-30690/,toys,
toyscenter,https://www.toyscenter.it/prodotto/lego-harry-potter-tm-castello-di-hogwarts-ala-est-76473/,toys,
toyscenter,https://www.toyscenter.it/prodotto/lego-speed-champions-ferrari-499p-77261/,toys,
toyscenter,https://www.toyscenter.it/prodotto/lego-technic-42173-hypercar-koenigsegg-jesko-absolut-grigia-modellino-di-auto-da-costruire-macchina-giocattolo-bambini-10/,toys,
toyscenter,https://www.toyscenter.it/prodotto/lego-star-wars-tm-calendario-dellavvento-2026-75456/,toys,
toyscenter,https://www.toyscenter.it/prodotto/lego-icons-10357-shelby-cobra-427-s-c/,toys,
toyscenter,https://www.toyscenter.it/prodotto/lego-city-60504-motoscafo-di-soccorso-guardia-costiera/,toys,
toyscenter,https://www.toyscenter.it/prodotto/lego-icons-11373-il-signore-degli-anelli-elmo-di-sauron/,toys,
toyscenter,https://www.toyscenter.it/prodotto/lego-botanicals-11510-rametti-di-magnolia/,toys,
toyscenter,https://www.toyscenter.it/prodotto/lego-icons-10350-edificio-tudor-modellino-di-casa-in-miniatura-collezione-modular-building-regalo-per-adulti-uomo-o-donna/,toys,
toyscenter,https://www.toyscenter.it/prodotto/lego-lego-friends-cabina-glamping-nella-natura-42682/,toys,
toyscenter,https://www.toyscenter.it/prodotto/lego-disney-princess-belle-e-il-castello-incantato-della-bestia-43289/,toys,
toyscenter,https://www.toyscenter.it/prodotto/lego-harry-potter-76463-hogwarts-infermeria/,toys,
toyscenter,https://www.toyscenter.it/prodotto/lego-jurassic-world-jurassic-park-jeep-wrangler-77984/,toys,
toyscenter,https://www.toyscenter.it/prodotto/lego-40813-gatto-della-fortuna/,toys,
toyscenter,https://www.toyscenter.it/prodotto/lego-technic-auto-mitsubishi-eclipse-fast-and-furious-42229/,toys,
toyscenter,https://www.toyscenter.it/prodotto/10698-scatola-mattoncini-creativi-grande-lego/,toys,
toyscenter,https://www.toyscenter.it/prodotto/lego-botanicals-11508-bouquet-margherite/,toys,
toyscenter,https://www.toyscenter.it/prodotto/lego-harry-potter-76454-hogwarts-torre-scalinata-modulare-10/,toys,
toyscenter,https://www.toyscenter.it/prodotto/lego-harry-potter-76466-pietra-filosofale-edizione-del-collezionista/,toys,
toyscenter,https://www.toyscenter.it/prodotto/lego-speed-champions-auto-da-corsa-lego-f1-academy-77258/,toys,
toyscenter,https://www.toyscenter.it/prodotto/lego-super-heroes-spider-man-inseguimento-del-trasportatore-di-detenuti-76349/,toys,
toyscenter,https://www.toyscenter.it/prodotto/lego-duplo-10452-peppa-pig-gita-in-campeggio-con-camper-e-minifigure/,toys,
toyscenter,https://www.toyscenter.it/prodotto/lego-friends-42684-caffe-sogni-unicorno/,toys,
toyscenter,https://www.toyscenter.it/prodotto/lego-fortnite-consegna-di-rifornimenti-77080/,toys,
toyscenter,https://www.toyscenter.it/prodotto/lego-harry-potter-tm-piante-di-erbologia-di-hogwarts-76474/,toys,
toyscenter,https://www.toyscenter.it/prodotto/lego-ideas-21366-lontre-marine/,toys,
toyscenter,https://www.toyscenter.it/prodotto/lego-harry-potter-76450-book-nook-hogwarts-express-treno-4-pers-10/,toys,
toyscenter,https://www.toyscenter.it/prodotto/lego-harry-potter-76446-avventura-su-nottetempo-con-5-minifigure-autobus-giocattolo-a-3-piani-apribile-gioco-per-bambini-8/,toys,
toyscenter,https://www.toyscenter.it/prodotto/lego-minecraft-21585-fattoria-galline/,toys,
toyscenter,https://www.toyscenter.it/prodotto/lego-one-piece-dori-contro-brogi-giganti-di-little-garden-75644/,toys,
toyscenter,https://www.toyscenter.it/prodotto/lego-city-60505-3in1-remix-aereo-camion-hovercraft/,toys,
toyscenter,https://www.toyscenter.it/prodotto/lego-disney-43300-winnie-the-pooh/,toys,
toyscenter,https://www.toyscenter.it/prodotto/lego-city-60479-cellulare-della-polizia/,toys,
toyscenter,https://www.toyscenter.it/prodotto/lego-city-60489-jet-vs-auto-sportiva/,toys,
toyscenter,https://www.toyscenter.it/prodotto/lego-10458-duplo-gelateria-bluey-con-macchina-e-2-figure-2-anni/,toys,
toyscenter,https://www.toyscenter.it/prodotto/lego-icons-10337-lamborghini-countach-5000-quattrovalvole-modellino-di-auto-per-adulti-regalo-uomo-o-donna-da-collezione/,toys,
toyscenter,https://www.toyscenter.it/prodotto/lego-icons-10368-crisantemo-fiore-finto-da-costruire-per-adulti-regalo-creativo-di-compleanno-per-donna-uomo-lei-o-lui/,toys,
toyscenter,https://www.toyscenter.it/prodotto/lego-speed-champions-77239-porsche-911-gt3-rs-con-minifigure-9/,toys,
toyscenter,https://www.toyscenter.it/prodotto/lego-harry-potter-76424-ford-anglia-volante-modellino-di-macchina-giocattolo-da-costruire-giochi-bambini-7-con-minifigure/,toys,
toyscenter,https://www.toyscenter.it/prodotto/lego-botanicals-funghi-del-bosco-11505/,toys,
toyscenter,https://www.toyscenter.it/prodotto/lego-minecraft-21268-la-casa-del-maialino-gioco-di-ruolo-bambini-7-con-personaggi-animali-giocattolo-e-fattoria-da-costruire/,toys,
toyscenter,https://www.toyscenter.it/prodotto/lego-city-60488-food-truck-patatine/,toys,
toyscenter,https://www.toyscenter.it/prodotto/lego-duplo-classic-10460-base-verde-piastra-giocattolo-per-mattoncini-da-24x24-bottoncini-costruzioni-creative-per-bambini/,toys,
toyscenter,https://www.toyscenter.it/prodotto/lego-ideas-peanuts-la-cuccia-di-snoopy-21368/,toys,
toyscenter,https://www.toyscenter.it/prodotto/lego-technic-scavatrice-a-cucchiaia-rovescia-giochi-per-bambini-7-veicolo-con-escavatore-posteriore-pala-e-stabilizzatori/,toys,
toyscenter,https://www.toyscenter.it/prodotto/lego-technic-42213-suv-ford-bronco-con-motore-v6-e-sterzo-9/,toys,
toyscenter,https://www.toyscenter.it/prodotto/lego-creator-3-in-1-31163-gatto-giocoso-giocattolo-si-trasforma-in-piccione-o-in-cane-animali-da-costruire-per-bambini-8/,toys,
toyscenter,https://www.toyscenter.it/prodotto/lego-ideas-21356-battello-a-vapore-fluviale/,toys,
toyscenter,https://www.toyscenter.it/prodotto/lego-botanicals-fiori-di-cosmos-11514/,toys,
toyscenter,https://www.toyscenter.it/prodotto/lego-lego-friends-grand-hotel-di-heartlake-city-42704/,toys,
toyscenter,https://www.toyscenter.it/prodotto/lego-star-wars-75379-r2-d2-modellino-da-costruire-di-droide-con-parti-mobili-e-accessori-giochi-bambini-10-con-minifigure/,toys,
toyscenter,https://www.toyscenter.it/prodotto/lego-editions-football-lionel-messi-celebrazione-43018/,toys,
toyscenter,https://www.toyscenter.it/prodotto/lego-technic-42200-pull-back-thunderroarus-monster-truck-giocattolo-da-costruire-giochi-bambini-7-regalo-fan-monster-jam/,toys,
toyscenter,https://www.toyscenter.it/prodotto/lego-friends-42695-rimorchio-per-cavallo-e-puledro/,toys,
toyscenter,https://www.toyscenter.it/prodotto/lego-lego-city-autolavaggio-drive-in-60497/,toys,
toyscenter,https://www.toyscenter.it/prodotto/lego-icons-10300-macchina-del-tempo-ritorno-al-futuro-set-modellino-delorean-da-costruire-minifigure-di-doc-e-marty-mcfly/,toys,
toyscenter,https://www.toyscenter.it/prodotto/lego-duplo-10473-autopompa-con-manichetta-e-pompiere/,toys,
toyscenter,https://www.toyscenter.it/prodotto/lego-city-treno-a-vapore-vintage-60511/,toys,
toyscenter,https://www.toyscenter.it/prodotto/lego-botanicals-10343-mini-orchidea-fiori-finti-da-costruire-botanical-collection-per-adulti-idea-regalo-per-donna-o-uomo/,toys,
toyscenter,https://www.toyscenter.it/prodotto/lego-architecture-21060-castello-di-himeji-kit-modellismo-adulti-collezione-monumenti-albero-ciliegio-in-fiore-da-costruire/,toys,
toyscenter,https://www.toyscenter.it/prodotto/mattel-disney-princess-il-castello-di-belle/,toys,
toyscenter,https://www.toyscenter.it/prodotto/mattel-jurassic-world-indoraptor-legacy-collection/,toys,
toyscenter,https://www.toyscenter.it/prodotto/barbie-cd-player/,toys,
toyscenter,https://www.toyscenter.it/prodotto/hot-wheels-loop-autolavaggio/,toys,
toyscenter,https://www.toyscenter.it/prodotto/fisher-price-pets-carlino-cammina-con-me-cucciolo-trainabile-con-guinzaglio-e-suoni-incoraggia-a-camminare-e-abbaia-con-il-movimento/,toys,
toyscenter,https://www.toyscenter.it/prodotto/mattel-jurassic-world-guemesia-pericolo-giurassico-dinoasuro-snodato-con-dettagli-autentici-specie-di-medie-dimensioni/,toys,
toyscenter,https://www.toyscenter.it/prodotto/hot-wheels-multi-launcher-car-case-multi-launch-e-garage-20-auto/,toys,
toyscenter,https://www.toyscenter.it/prodotto/fisher-price-chiavi-gioca-e-vai-giocattolo-musicale-con-dentaruolo-e-specchio/,toys,
toyscenter,https://www.toyscenter.it/prodotto/mattel-disney-pixar-cars-calza-della-befana-2026-con-un-veicolo-cars-una-pista-puzzle-e-accessori-e-gadgets-inclusi/,toys,
toyscenter,https://www.toyscenter.it/prodotto/la-luce-e-le-stelle-costruisci-e-scopri-un-telescopio-e-uno-spettroscopio-s-t-e-m-6-10-anni/,toys,
toyscenter,https://www.toyscenter.it/prodotto/mattel-jurassic-world-farlowichnus-pericolo-giurassico-dinoasuro-snodato-con-dettagli-autentici-specie-di-medie-dimensioni/,toys,
toyscenter,https://www.toyscenter.it/prodotto/mattel-jurassic-world-rivelazione-del-dinosauro-set-da-2-dinosauri-con-arena-da-battaglia-ed-effetto-cambia-colore/,toys,
toyscenter,https://www.toyscenter.it/prodotto/casco-per-bicicletta-barbie/,toys,
toyscenter,https://www.toyscenter.it/prodotto/mattel-brick-shop-hot-wheels-15-audi-r8-lms-serie-elite-set-da-costruire-con-820-pezzi-dettagli-realistici-e-adesivi-per-personalizzare-lauto/,toys,
toyscenter,https://www.toyscenter.it/prodotto/hot-wheels-stunt-tracks-scontri-nellipersfera/,toys,
toyscenter,https://www.toyscenter.it/prodotto/hot-wheels-city-pista-e-playset-mega-garage-del-t-rex/,toys,
toyscenter,https://www.toyscenter.it/prodotto/mattel-games-scrabble-in-legno/,toys,
toyscenter,https://www.toyscenter.it/prodotto/barbie-barbie-e-cucciolo-bisognini-set-con-bambola-bionda-barbie-malibu-cucciolo-e-accessori-per-la-passeggiata-inclusi/,toys,
toyscenter,https://www.toyscenter.it/prodotto/barbie-my-trendy-nail-art-colour-change/,toys,
toyscenter,https://www.toyscenter.it/prodotto/barbie-dreamtopia-bambola-principessa-con-ciocca-rosa-30-5-cm-giocattolo-per-bambini-3-anni-multicolore/,toys,
toyscenter,https://www.toyscenter.it/prodotto/barbie-city-car-veicolo-radiocomandato-in-scala-110/,toys,
toyscenter,https://www.toyscenter.it/prodotto/barbie-petal-pop-rosa-rossa/,toys,
toyscenter,https://www.toyscenter.it/prodotto/barbie-calza-dei-sogni-di-barbie-2026-calza-della-befana-con-1-barbie-fatina-e-tanti-accessori-e-gadgets-sempre-inclusi/,toys,
toyscenter,https://www.toyscenter.it/prodotto/mattel-jurassic-world-la-rinascita-archaeornithomimus-frenzy-dinosauro-snodato-con-design-ispirato-al-film-e-articolazioni-mobili/,toys,
toyscenter,https://www.toyscenter.it/prodotto/mattel-jurassic-world-terizinosauro-attacca-e-ruggisci-dinosauro-con-azione-dattacco-ruggito-ed-effetti-sonori/,toys,
toyscenter,https://www.toyscenter.it/prodotto/barbie-pop-reveal-donut-dreams-dolci-sorprese/,toys,
toyscenter,https://www.toyscenter.it/prodotto/mattel-disney-pixar-toy-story-5-buzz-lightyear-lanciadischi/,toys,
toyscenter,https://www.toyscenter.it/prodotto/tablet-ridi-e-impara-12-36-mesi-fisher-price/,toys,
toyscenter,https://www.toyscenter.it/prodotto/mini-barbieland-barca-dei-sogni-set-con-mini-veicolo-e-bambola-con-sorpresa-cambia-colore-in-acqua/,toys,
toyscenter,https://www.toyscenter.it/prodotto/fisher-price-piramide-5-anelli-eco-giocattolo-per-lo-sviluppo-per-bambini-6mesi/,toys,
toyscenter,https://www.toyscenter.it/prodotto/barbie-deluxe-style-playset-armadio/,toys,
toyscenter,https://www.toyscenter.it/prodotto/costume-fuxia-e-nero-barbie-skeletrina-bambina-originale-mattel/,toys,
toyscenter,https://www.toyscenter.it/prodotto/uno-versione-harry-potter-gioco-di-carte/,toys,
toyscenter,https://www.toyscenter.it/prodotto/hot-wheels-fast-furious-set-da-10-macchinine-die-cast-in-scala-164-da-collezionare-ed-esporre/,toys,
toyscenter,https://www.toyscenter.it/prodotto/barbie-barbie-dreamtopia-luci-scintillanti-ballerina-magico-tutu-bambola-dai-capelli-biondi-con-luci-coroncina-e-tutu-rosa-giocattolo-per-bambini-3-anni-hlc25/,toys,
toyscenter,https://www.toyscenter.it/prodotto/mini-barbieland-fashionistas-mini-bambole-in-un-tubetto-di-rossetto-con-sorpresa/,toys,
toyscenter,https://www.toyscenter.it/prodotto/mattel-kpop-demon-hunters-zoey-di-huntr-x/,toys,
toyscenter,https://www.toyscenter.it/prodotto/barbie-playset-pizza-shop/,toys,
toyscenter,https://www.toyscenter.it/prodotto/fisher-price-lettore-musicale-canta-e-impara-giocattolo-elettronico-ridi-impara-6-36-mesi-fpv06/,toys,
toyscenter,https://www.toyscenter.it/prodotto/mattel-games-uno-elite-formula-1/,toys,
toyscenter,https://www.toyscenter.it/prodotto/fisher-price-dc-batwheels-bat-autotreno-playset-autotreno-con-rampa-e-veicolo-bam-batmobile/,toys,
toyscenter,https://www.toyscenter.it/prodotto/uno-minecraft-liconico-gioco-di-carte-nella-versione-ispirata-la-videogioco/,toys,
toyscenter,https://www.toyscenter.it/prodotto/mattel-disney-frozen-elsa-jewel-reveal/,toys,
toyscenter,https://www.toyscenter.it/prodotto/paladone-lampada-neon-da-muro-specchio-barbie/,toys,
toyscenter,https://www.toyscenter.it/prodotto/barbie-signature-capodanno-lunare-2026/,toys,
toyscenter,https://www.toyscenter.it/prodotto/zucchetta-rosa-dolcetto-scherzetto-con-ali-di-barbie/,toys,
toyscenter,https://www.toyscenter.it/prodotto/hot-wheels-monster-trucks-rhinomite-r-c-camion-radiocomandato-in-scala-164-pneumatici-grip-action-inclusi/,toys,
toyscenter,https://www.toyscenter.it/prodotto/mini-barbieland-camper-dei-sogn-set-con-mini-veicolo-e-bambola-con-sorpresa-cambia-colore-in-acqua/,toys,
toyscenter,https://www.toyscenter.it/prodotto/barbie-be-a-star-make-up-trousse/,toys,
toyscenter,https://www.toyscenter.it/prodotto/zaino-scuola-round-barbie-25/,toys,
toyscenter,https://www.toyscenter.it/prodotto/hot-wheels-monster-trucks-tiger-shark-super-scalatore-rc-veicolo-radiocomandato-con-3-modalita-per-gareggiare-scalare-e-fare-acrobazie/,toys,
toyscenter,https://www.toyscenter.it/prodotto/hot-wheels-attacco-del-mega-squalo/,toys,
toyscenter,https://www.toyscenter.it/prodotto/playmobil-dinos-71524-sulle-tracce-del-t-rex-per-bambini-dai-4-anni/,toys,
toyscenter,https://www.toyscenter.it/prodotto/playmobil-71531-isola-del-teschio-di-cristallo-per-bambini-dai-4-anni/,toys,
toyscenter,https://www.toyscenter.it/prodotto/playmobil-dinos-71821-triceratopo-e-cucciolo-4-anni/,toys,
toyscenter,https://www.toyscenter.it/prodotto/playmobil-72066-unita-speciale-veicolo-tattico/,toys,
toyscenter,https://www.toyscenter.it/prodotto/playmobil-72068-elefante-con-guardiano-di-zoo/,toys,
toyscenter,https://www.toyscenter.it/prodotto/playmobil-action-heroes-71731-unita-cinofila-e-ladro-4-anni/,toys,
toyscenter,https://www.toyscenter.it/prodotto/playmobil-action-heroes-71729-auto-della-polizia-per-bambini-dai-4-anni/,toys,
toyscenter,https://www.toyscenter.it/prodotto/playmobil-71843-unicorn-lucky-con-fata/,toys,
toyscenter,https://www.toyscenter.it/prodotto/72014-playmobil-esa-astronauta-con-robot/,toys,
toyscenter,https://www.toyscenter.it/prodotto/playmobil-72026-duopack-cavallerizza-con-puledro/,toys,
toyscenter,https://www.toyscenter.it/prodotto/playmobil-72080-elicottero-della-polizia/,toys,
toyscenter,https://www.toyscenter.it/prodotto/playmobil-72090-zoo-orso-polare-e-guardiano-di-zoo/,toys,
toyscenter,https://www.toyscenter.it/prodotto/playmobil-cars-72064-offroad-quad/,toys,
toyscenter,https://www.toyscenter.it/prodotto/playmobil-action-heroes-71826-pompiere-con-pompa-dacqua-per-bambini-dai-4-anni/,toys,
toyscenter,https://www.toyscenter.it/prodotto/playmobil-71532-pirata-e-mostro-marino-per-bambini-dai-4-anni/,toys,
toyscenter,https://www.toyscenter.it/prodotto/playmobil-71146-unita-speciale-set-4-personaggi-per-bambini-dai-5-anni/,toys,
toyscenter,https://www.toyscenter.it/prodotto/playmobil-72078-poliziotto-sub-con-tesoro/,toys,
toyscenter,https://www.toyscenter.it/prodotto/playmobil-action-heroes-71749-escavatore-4-anni/,toys,
toyscenter,https://www.toyscenter.it/prodotto/playmobil-72076-furto-di-biciclette/,toys,
toyscenter,https://www.toyscenter.it/prodotto/playmobil-71751-cantiere-stradale/,toys,
toyscenter,https://www.toyscenter.it/prodotto/playmobil-72025-duopack-ranger-con-rinoceronte/,toys,
toyscenter,https://www.toyscenter.it/prodotto/playmobil-72114-drago-nero/,toys,
toyscenter,https://www.toyscenter.it/prodotto/playmobil-71466-moto-dei-pompieri-per-bambini-dai-4-anni/,toys,
toyscenter,https://www.toyscenter.it/prodotto/playmobil-71464-gommone-dei-pompieri-e-acquascooter-per-bambini-dai-4-anni/,toys,
toyscenter,https://www.toyscenter.it/prodotto/winning-moves-monopoly-i-borghi-piu-belli-ditalia-calabria/,toys,
toyscenter,https://www.toyscenter.it/prodotto/play-doh-8-vasetti-ast-84-gr/,toys,
toyscenter,https://www.toyscenter.it/prodotto/monopoly-espansione-compra-tutto-rendi-le-partite-classiche-a-monopoly-ancora-piu-divertenti-e-veloci-dagli-8-anni-in-su-2-6-giocatori-40-min/,toys,
toyscenter,https://www.toyscenter.it/prodotto/play-doh-gelateria-arcobaleno-playset-con-accessori-e-vasetti-per-creare-gelati/,toys,
toyscenter,https://www.toyscenter.it/prodotto/play-doh-kitchen-creations-la-caffettiera-super-colorata-playset-con-20-accessori-e-8-vasetti-di-pasta-modellabile/,toys,
toyscenter,https://www.toyscenter.it/prodotto/hasbro-nerf-super-soaker-dunk-fill-confezione-da-2-blaster-ad-acqua/,toys,
toyscenter,https://www.toyscenter.it/prodotto/hasbro-beyblade-x-dual-pack-assortimento-di-2-trottole-beyblade/,toys,
toyscenter,https://www.toyscenter.it/prodotto/play-doh-kitchen-creations-la-pizzeria-playset-con-6-vasetti-di-pasta-modellabile-e-8-accessori/,toys,
toyscenter,https://www.toyscenter.it/prodotto/hasbro-marvel-spider-man-titan-series-spider-man-action-figure-giocattoli-di-supereroi-da-30-cm-per-bambini-e-bambine-dai-4-anni-in-su/,toys,
toyscenter,https://www.toyscenter.it/prodotto/hasbro-star-wars-the-black-series-darth-vader-fine-del-duello-action-figure-collezionabile-da-15-cm-ispirata-alla-serie-obi-wan-kenobi/,toys,
toyscenter,https://www.toyscenter.it/prodotto/hasbro-marvel-spider-man-spider-man-real-webs-ultimate-blaster-blaster-spara-ragnatele-giocattolo-per-giochi-dimitazione-giocattoli-di-spider-man-per-bambini-e-bambine-dai-5-anni-in-su/,toys,
toyscenter,https://www.toyscenter.it/prodotto/blokees-figures-transformers-classic-class-19-ironhide/,toys,
toyscenter,https://www.toyscenter.it/prodotto/peppa-pig-peppas-muddy-puddles-party-bambola-di-peppa-interattiva/,toys,
toyscenter,https://www.toyscenter.it/prodotto/play-doh-tartarughe-ninja-stazione-mutante/,toys,
toyscenter,https://www.toyscenter.it/prodotto/play-doh-il-mio-primo-aeroplano-esploratore-starter-set-per-attivita-manuali-per-bambini-e-bambine/,toys,
toyscenter,https://www.toyscenter.it/prodotto/monopoly-formula-1/,toys,
toyscenter,https://www.toyscenter.it/prodotto/hasbro-beyblade-x-lanciabey-basic-per-trottole-beyblade-x/,toys,
toyscenter,https://www.toyscenter.it/prodotto/blokees-figures-transformers-galaxy-version-05-one-40-48-pcs-assortito/,toys,
toyscenter,https://www.toyscenter.it/prodotto/transformers-studio-series-deluxe-class-wheeljack-ispirata-al-film-transformers-the-movie/,toys,
toyscenter,https://www.toyscenter.it/prodotto/play-doh-negozio-di-ciambelle-playset/,toys,
toyscenter,https://www.toyscenter.it/prodotto/hasbro-marvel-iron-man-e-i-suoi-fantastici-amici-guanto-repulsore-giocattolo-elettronico-per-roleplay/,toys,
toyscenter,https://www.toyscenter.it/prodotto/monopoly-pokemon-edition-gioco-da-tavolo-per-2-4-giocatori-dai-8-anni-in-su-perfetto-per-bambini-e-fan-dei-pokemon-45-min/,toys,
toyscenter,https://www.toyscenter.it/prodotto/hasbro-nerf-elite-2-0-confezione-ricarica-50-dardi-elite-2-0-ufficiali-compatibile-con-tutti-i-blaster-nerf-elite/,toys,
toyscenter,https://www.toyscenter.it/prodotto/hasbro-marvel-legends-series-wolverine-idea-regalo-action-figure-collezionabile-da-15-cm-ispirata-al-film-deadpool-wolverine/,toys,
toyscenter,https://www.toyscenter.it/prodotto/hasbro-marvel-legends-series-ti-voglio-bene-3000-iron-man-action-figure-collezionabile-regalo-da-15-cm/,toys,
toyscenter,https://www.toyscenter.it/prodotto/winning-moves-monopoly-i-borghi-piu-belli-ditalia-lazio/,toys,
toyscenter,https://www.toyscenter.it/prodotto/nerf-elite-2-0-eaglepoint-rd-8-blaster-con-tamburo-da-8-dardi-mirino-e-canna-staccabili/,toys,
toyscenter,https://www.toyscenter.it/prodotto/transformers-x-hot-wheels-bone-shaker-collezionabile-hasbro/,toys,
toyscenter,https://www.toyscenter.it/prodotto/play-doh-marvel-action-figure-play-doh-marvel-assortite/,toys,
toyscenter,https://www.toyscenter.it/prodotto/hasbro-marvel-captain-america-steve-rogers-action-figure-con-accessorio-da-225-cm/,toys,
toyscenter,https://www.toyscenter.it/prodotto/monopoly-i-borghi-piu-belli-ditalia-edizione-piemonte-e-valle-daosta/,toys,
toyscenter,https://www.toyscenter.it/prodotto/nerf-n-series-dardi-nerf-n1-confezione-da-50-dardi-compatibili-solo-con-blaster-nerf-n-series/,toys,
toyscenter,https://www.toyscenter.it/prodotto/play-doh-mega-pack/,toys,
toyscenter,https://www.toyscenter.it/prodotto/peppa-pig-set-di-accessori-per-la-cameretta-di-peppa/,toys,
toyscenter,https://www.toyscenter.it/prodotto/hasbro-marvel-spidey-and-his-amazing-friends-peluche-interattivo-spidey-dance-n-crawl/,toys,
toyscenter,https://www.toyscenter.it/prodotto/monopoly-i-borghi-piu-belli-ditalia-edizione-veneto/,toys,
toyscenter,https://www.toyscenter.it/prodotto/clementoni-puzzle-museum-collection-munch-the-scream-1000-pezzi-puzzle-adulti/,toys,
toyscenter,https://www.toyscenter.it/prodotto/baby-clementoni-think-play-fruit-puzzle-17512/,toys,
toyscenter,https://www.toyscenter.it/prodotto/clementoni-27257-puzzle-104-super-kpop-demon-hunters/,toys,
toyscenter,https://www.toyscenter.it/prodotto/clementoni-scienza-gioco-botanica-delle-piante-grasse-19422-gioco-educativo-botanica/,toys,
toyscenter,https://www.toyscenter.it/prodotto/clementoni-scienza-gioco-macchina-da-corsa-2-in-1-19429-kit-giocattolo-macchina-da-corsa/,toys,
toyscenter,https://www.toyscenter.it/prodotto/clementoni-sblocca-la-porta-junior-2-16588-gioco-educativo-per-bambini/,toys,
toyscenter,https://www.toyscenter.it/prodotto/spirale-morbida-magic-garden-17971-clementoni/,toys,
toyscenter,https://www.toyscenter.it/prodotto/ravensburger-puzzleball-3d-k-pop-demon-hunters-72-pezzi-puzzle-3d-a-sfera-per-bambini-6-anni/,toys,
toyscenter,https://www.toyscenter.it/prodotto/baby-clementoni-il-mio-primo-tablet-educativo-parlante/,toys,
toyscenter,https://www.toyscenter.it/prodotto/hot-wheels-puzzle-maxifloor-24/,toys,
toyscenter,https://www.toyscenter.it/prodotto/ravensburger-28931-8-creart-serie-e-cani-retriever/,toys,
toyscenter,https://www.toyscenter.it/prodotto/puzzle-3d-2/,toys,
toyscenter,https://www.toyscenter.it/prodotto/puzzle-df-supermaxi-35-jungle-book/,toys,
toyscenter,https://www.toyscenter.it/prodotto/baby-clementoni-tumbling-car/,toys,
toyscenter,https://www.toyscenter.it/prodotto/ravensburger-3d-puzzle-storage-box-pokemon-216-pezzi-8-anni/,toys,
toyscenter,https://www.toyscenter.it/prodotto/ravensburger-3d-puzzle-barbie-storage-box-216-pezzi-include-accessori-8-anni/,toys,
toyscenter,https://www.toyscenter.it/prodotto/clementoni-16296-cucu/,toys,
toyscenter,https://www.toyscenter.it/prodotto/lisciani-carotina-baby-puzzle-la-fattoria/,toys,
toyscenter,https://www.toyscenter.it/prodotto/ravensburger-gravitrax-trax-gioco-innovativo-ed-educativo-stem-8-anni-accessorio/,toys,
toyscenter,https://www.toyscenter.it/prodotto/puzzle-1000-pezzi-madrid-gran-via-puzzle-ravensburger-per-adulti/,toys,
toyscenter,https://www.toyscenter.it/prodotto/clementoni-supercolor-puzzle-puzzle-shaped-barbie-104-pezzi-2/,toys,
toyscenter,https://www.toyscenter.it/prodotto/disney-puzzle-df-maxifloor-4-x-48-oceania-2/,toys,
toyscenter,https://www.toyscenter.it/prodotto/puzzle-da-1000-pezzi-stitch-challenge-ravensburger/,toys,
toyscenter,https://www.toyscenter.it/prodotto/care-bears-puzzle-df-maxi-floor-24/,toys,
toyscenter,https://www.toyscenter.it/prodotto/puzzle-df-supermaxi-108-princess-tit-1/,toys,
toyscenter,https://www.toyscenter.it/prodotto/clementoni-16940-sapientino-primo-inglese/,toys,
toyscenter,https://www.toyscenter.it/prodotto/ravensburger-3d-puzzle-ball-disney-stitch-72-pezzi-puzzle-originale-6/,toys,
toyscenter,https://www.toyscenter.it/prodotto/crayola-valigetta-dellartista-paw-patrol-contiene-128-pezzi/,toys,
toyscenter,https://www.toyscenter.it/prodotto/puzzle-3d-pokemon/,toys,
toyscenter,https://www.toyscenter.it/prodotto/funko-pop-harry-potter-fawkes-87/,toys,
toyscenter,https://www.toyscenter.it/prodotto/pop-disney-mickey-mouse/,toys,
toyscenter,https://www.toyscenter.it/prodotto/pokemon-megaevoluzione-caos-nascente-portfolio-9-tasche-14-pagine/,toys,
toyscenter,https://www.toyscenter.it/prodotto/hasbro-star-wars-il-mandaloriano-action-fx-action-figure-da-15-cm-con-effetti-sonori-giocattoli-interattivi-per-bambini-e-bambine-dai-4-anni-in-su/,toys,
toyscenter,https://www.toyscenter.it/prodotto/disney-puzzle-supermaxi-4-x-48-mickey/,toys,
toyscenter,https://www.toyscenter.it/prodotto/star-wars-pack-nanofigs-13-asst-s-1/,toys,
toyscenter,https://www.toyscenter.it/prodotto/clementoni-memo-marvel-spidey-and-his-amazing-friends-18304/,toys,
toyscenter,https://www.toyscenter.it/prodotto/lego-pokemon-72151-eevee/,toys,
toyscenter,https://www.toyscenter.it/prodotto/veicolo-deluxe-lancia-ragnatele-con-luci-e-suoni-spidey-marvel/,toys,
toyscenter,https://www.toyscenter.it/prodotto/disney-puzzle-blitz-gioco-da-tavolo-per-bambini-8-e-famiglie-sfida-di-velocita-logica-e-osservazione-100-sfide-4-livelli-per-2-4-giocatori/,toys,
toyscenter,https://www.toyscenter.it/prodotto/clementoni-16237-sapientino-basic-frozen-2/,toys,
toyscenter,https://www.toyscenter.it/prodotto/clementoni-memo-disney-princess-gioco-educativo-18302/,toys,
toyscenter,https://www.toyscenter.it/prodotto/hasbro-marvel-spidey-e-i-suoi-fantastici-amici-camion-dei-pompieri-rescue-webs-action-figure-e-veicolo/,toys,
toyscenter,https://www.toyscenter.it/prodotto/star-wars-hasbro-the-black-series-imperial-remnant-at-rt-driver-action-figure-ispirata-alla-serie-the-mandalorian-grogu-da-15-cm/,toys,
toyscenter,https://www.toyscenter.it/prodotto/paw-patrol-the-dino-movie-skye-dino-rescue-jet-con-ali-ripiegabili-e-tenaglia-funzionante-giocattoli-per-bambini-e-bambine-dai-3-anni-in-su/,toys,
toyscenter,https://www.toyscenter.it/prodotto/mattel-disney-pixar-toy-story-5-woody-ciao-amico/,toys,
toyscenter,https://www.toyscenter.it/prodotto/paw-patrol-elicottero-di-skye-giocattolo-elicottero-di-skye-per-bambini/,toys,
toyscenter,https://www.toyscenter.it/prodotto/just-play-disney-junior-minnie-mouse-set-5-personaggi/,toys,
toyscenter,https://www.toyscenter.it/prodotto/clementoni-disney-princess-25064/,toys,
toyscenter,https://www.toyscenter.it/prodotto/dixit-disney/,toys,
toyscenter,https://www.toyscenter.it/prodotto/set-creativo-mega-art-set-80-pezzi-stitch-disney/,toys,
toyscenter,https://www.toyscenter.it/prodotto/lisciani-puzzle-df-supermaxi-35-frozen-2/,toys,
toyscenter,https://www.toyscenter.it/prodotto/costume-pokemon-pikachu-classic-per-bambini-vestito-di-carnevale/,toys,
toyscenter,https://www.toyscenter.it/prodotto/hasbro-star-wars-grogu-adventure-buddy-giocattolo-animatronico-peluche-interattivo/,toys,
toyscenter,https://www.toyscenter.it/prodotto/peluche-stitch-disney-live-action-41-cm-morbido-e-originale-0-mesi/,toys,
toyscenter,https://www.toyscenter.it/prodotto/braccioli-disney-topolino-cm-23x15/,toys,
toyscenter,https://www.toyscenter.it/prodotto/mattel-disney-princess-rapunzel-2-storie-in-1-bambola-alla-moda-ispirata-al-film-rapunzel-con-2-look-intercambiabili/,toys,
toyscenter,https://www.toyscenter.it/prodotto/lego-star-wars-75441-attack-cruiser-classe-venator/,toys,
toyscenter,https://www.toyscenter.it/prodotto/disney-darlings-bambola-feature-ispirata-a-stitch/,toys,
toyscenter,https://www.toyscenter.it/prodotto/ravensburger-puzzle-pokemon-300-pezzi-xxl-eta-raccomandata-9-anni/,toys,
toyscenter,https://www.toyscenter.it/prodotto/disney-snuglets-wellbeing-stitch-40cm/,toys,
toyscenter,https://www.toyscenter.it/prodotto/pokemon-megaevoluzione-buio-pesto-busta-10-carte-assortito/,toys,
toyscenter,https://www.toyscenter.it/prodotto/hasbro-marvel-legend-series-maschera-premium-di-wolverine/,toys,
toyscenter,https://www.toyscenter.it/prodotto/casco-blu-da-pattinaggio-e-bicicletta-per-bambini-regolabile-traspirante-sicuro-taglia-50-52-cm-disponibile-in-blu-e-rosa/,toys,
toyscenter,https://www.toyscenter.it/prodotto/l-o-l-surprise-princess-bambola-gel-colorati-per-vestito-da-principessa-cambio-colore-8-da-collezionare/,toys,
toyscenter,https://www.toyscenter.it/prodotto/peluche-toy-story-buzz-cm-25/,toys,
toyscenter,https://www.toyscenter.it/prodotto/dc-x-sonic-assortimento-di-peluche-13-cm-per-gioco-e-collezione/,toys,
toyscenter,https://www.toyscenter.it/prodotto/sw-col-unicorno-rosa-peluche-trudi/,toys,
toyscenter,https://www.toyscenter.it/prodotto/peluche-orsetto-bianco-con-berretto-rosso-trudi/,toys,
toyscenter,https://www.toyscenter.it/prodotto/disney-frozen-elsa-e-nook-set-con-bambola-con-abito-azzurro-e-creatura-acquatica-a-forma-di-cavallo-ispirati-al-film-disney-frozen-2-3-anni-hlw58/,toys,
toyscenter,https://www.toyscenter.it/prodotto/monopattino-evolutivo-2-in-1-movegrow-chicco/,toys,
toyscenter,https://www.toyscenter.it/prodotto/barbie-deluxe-style-n-7-bambola-con-top-e-gonna-blu-metalizzato-e-capelli-castani-ondulati-accessori-gioielli-e-borsa-inclusi/,toys,
toyscenter,https://www.toyscenter.it/prodotto/the-simpsons-peluche-di-bart-simpson/,toys,
toyscenter,https://www.toyscenter.it/prodotto/bambola-masha-12-cm-codini-vestito-estivo-e-varianti-speciali/,toys,
toyscenter,https://www.toyscenter.it/prodotto/barbie-malibu-bambola-bionda-con-outifit-e-accessori-da-equitazione-inclusi/,toys,
toyscenter,https://www.toyscenter.it/prodotto/caschetto-3d-per-bambini-per-bicicletta-e-monopattino-unicorno-rosa/,toys,
toyscenter,https://www.toyscenter.it/prodotto/monopattino-dino/,toys,
toyscenter,https://www.toyscenter.it/prodotto/bambola-realistica-45-cm-con-corpo-morbido-e-ciuccio-piange-come-un-vero-bimbo-assortito/,toys,
toyscenter,https://www.toyscenter.it/prodotto/coccolotto-sky-love-and-tell-peluche-parlante-morbido-e-personalizzato-trudi/,toys,
toyscenter,https://www.toyscenter.it/prodotto/macchina-elettrica-per-bambini-licenza-mercedes-slc-300-con-telecomando-in-pp-e-metallo-107x62-5x44-cm-bianco/,toys,
toyscenter,https://www.toyscenter.it/prodotto/orsetto-di-peluche-con-uniforme-nella-mini-bag/,toys,
toyscenter,https://www.toyscenter.it/prodotto/monster-high-mercoledi-enid-sinclair-bambola-da-collezione-in-abito-rosa-con-accessori-premium/,toys,
toyscenter,https://www.toyscenter.it/prodotto/peluche-elefante-sdraiato-lungo-38-cm/,toys,
toyscenter,https://www.toyscenter.it/prodotto/peluche-cane-in-borsa-con-fiocco/,toys,
toyscenter,https://www.toyscenter.it/prodotto/gatto-unicordo-peluche-con-luci-led-e-suoni/,toys,
toyscenter,https://www.toyscenter.it/prodotto/peluche-orso-doudou-azzurro-trudi/,toys,
toyscenter,https://www.toyscenter.it/prodotto/unicorn-academy-bambola-isabel-2/,toys,
toyscenter,https://www.toyscenter.it/prodotto/peluche-gufetto-reale-sweet-collection/,toys,
toyscenter,https://www.toyscenter.it/prodotto/peluche-unicorno-bianco-leslie-trudi/,toys,
toyscenter,https://www.toyscenter.it/prodotto/drone-mco-con-guanto-radiocomando-e-telecamera-hd-controllo-innovativo-e-protezione-eliche/,toys,
toyscenter,https://www.toyscenter.it/prodotto/tartaruga-peluche-56-cm-ami-plush/,toys,
toyscenter,https://www.toyscenter.it/prodotto/mini-peluche-banana-ami-plush/,toys,
toyscenter,https://www.toyscenter.it/prodotto/peluche-asino-trudi/,toys,
toyscenter,https://www.toyscenter.it/prodotto/peluche-bisonte-rocky-trudi/,toys,
toyscenter,https://www.toyscenter.it/prodotto/tenda-da-campeggio-5-posti-con-2-camere-impermeabile-con-baldacchino-590x245x193-cm-grigio/,toys,
toyscenter,https://www.toyscenter.it/prodotto/sunsport-basket-da-muro-con-palla/,toys,
toyscenter,https://www.toyscenter.it/prodotto/gomma-retrabile-hello-kitty-modelli-assortiti/,toys,
toyscenter,https://www.toyscenter.it/prodotto/trudi-gallina-daisy-taglia-s/,toys,
toyscenter,https://www.toyscenter.it/prodotto/rane-mangione/,toys,
toyscenter,https://www.toyscenter.it/prodotto/rete-pallavolo-galleg-244x64/,toys,
toyscenter,https://www.toyscenter.it/prodotto/lego-10358-icons-transformers-soundwave-da-collezione/,toys,
toyscenter,https://www.toyscenter.it/prodotto/azul-duel-gioco-da-tavolo-per-2-giocatori-edizione-in-italiano/,toys,
toyscenter,https://www.toyscenter.it/prodotto/sentosphere-palette-d-artiste-marche-mexicain/,toys,
toyscenter,https://www.toyscenter.it/prodotto/crayola-washimals-pastel-pets-set-ricarica-con-3-cuccioli-3-pennarelli-lavabili-e-spazzolina-gioco-e-regalo-per-bambini-da-3-anni/,toys,
toyscenter,https://www.toyscenter.it/prodotto/clementoni-crazy-chic-bracciali-multicolor/,toys,
toyscenter,https://www.toyscenter.it/prodotto/auto-radiocomandata-lamborghini-aventador-scala-110-con-luci-e-2-4ghz-motor-co/,toys,
toyscenter,https://www.toyscenter.it/prodotto/lego-super-heroes-personaggio-di-spider-man-76346/,toys,
toyscenter,https://www.toyscenter.it/prodotto/auto-da-corsa/,toys,
toyscenter,https://www.toyscenter.it/prodotto/trattore-elettrico-per-bambini-3-6-anni-con-rimorchio-rimovibile-batteria-12v-e-telecomando-rosso/,toys,
toyscenter,https://www.toyscenter.it/prodotto/lego-city-60508-rapina-al-treno-della-polizia-giocattolo-treno-telecomandato-con-binario/,toys,
toyscenter,https://www.toyscenter.it/prodotto/lego-jurassic-world-76970-cucciolo-dolores-aquilops/,toys,
toyscenter,https://www.toyscenter.it/prodotto/crazy-chic-make-up-studio/,toys,
toyscenter,https://www.toyscenter.it/prodotto/epoch-games-jurassic-world-heat-wave-tornado-giochi-da-tavola/,toys,
toyscenter,https://www.toyscenter.it/prodotto/crystal-ball-tubello-di-pasta-20g/,toys,
toyscenter,https://www.toyscenter.it/prodotto/lego-21362-ideas-collezione-di-minerali-con-cristalli-e-supporti/,toys,
toyscenter,https://www.toyscenter.it/prodotto/lego-duplo-10474-veicoli-creativi/,toys,
toyscenter,https://www.toyscenter.it/prodotto/cavallo-a-dondolo-per-bambini-18-36-mesi-con-suoni-base-in-legno-e-cintura-di-sicurezza-marrone/,toys,
toyscenter,https://www.toyscenter.it/prodotto/table-2-in-1-82cm/,toys,
toyscenter,https://www.toyscenter.it/prodotto/spada-di-minecraft/,toys,
toyscenter,https://www.toyscenter.it/prodotto/barbie-sound-your-style/,toys,
toyscenter,https://www.toyscenter.it/prodotto/cubo-sensoriale/,toys,
toyscenter,https://www.toyscenter.it/prodotto/moto-elettrica-per-bambini-con-licenza-ufficiale-vespa-batteria-6v-fari-e-clacson-per-bimbi-da-18-36-mesi-verde-66-5x38x52cm/,toys,
toyscenter,https://www.toyscenter.it/prodotto/dc-universe-batmobile/,toys,
toyscenter,https://www.toyscenter.it/prodotto/mattel-games-uno-flip-gioco-di-carte-a-eliminazione/,toys,
toyscenter,https://www.toyscenter.it/prodotto/puzzle-500-pezzi-primavera-a-parigi-puzzle-ravensburger-per-adulti/,toys,
toyscenter,https://www.toyscenter.it/prodotto/disco-sonoro-faba-il-piccolo-principe-eta-3-10-anni/,toys,
toyscenter,https://www.toyscenter.it/prodotto/carotina-penna-parlante-vocabolario-dei-bambini/,toys,
toyscenter,https://www.toyscenter.it/prodotto/luna-con-labirinto-in-legno-wood-n-play/,toys,
toyscenter,https://www.toyscenter.it/prodotto/set-manicure-barbie-smalto-unghie-profumo-e-altri-accessori-per-bambine/,toys,
toyscenter,https://www.toyscenter.it/prodotto/gioco-da-tavolo-panda-cadenti-divertimento-per-tutta-la-famiglia-con-strategia-e-abilita/,toys,
toyscenter,https://www.toyscenter.it/prodotto/lolly-deluxe-dresses-set/,toys,
toyscenter,https://www.toyscenter.it/prodotto/monster-high-sketchbook-monster-friends-forever-scratch-reveal/,toys,
toyscenter,https://www.toyscenter.it/prodotto/tavola-da-surf-gonfiabile-sunny-surf-rider-assortito-114-m-x-46-cm-45-x-18-per-bambini-3-10-anni/,toys,
toyscenter,https://www.toyscenter.it/prodotto/carrozzina-frozen/,toys,
toyscenter,https://www.toyscenter.it/prodotto/ravensburger-3d-puzzle-portapenne-barbie-54-pezzi-include-accessori-6-anni/,toys,
toyscenter,https://www.toyscenter.it/prodotto/dune-imperium/,toys,
toyscenter,https://www.toyscenter.it/prodotto/newbor-elegance-con-funzione/,toys,
toyscenter,https://www.toyscenter.it/prodotto/fattoria-prime-scoperte-montessori-la-prima-fattoria-didattica-alza-scopri-e-impara/,toys,
toyscenter,https://www.toyscenter.it/prodotto/disney-princess-ariel-bambola-snodata-con-capi-e-accessori-scintillanti-ispirati-al-film-disney-giocattolo-per-bambini-3-anni-hlw10/,toys,
toyscenter,https://www.toyscenter.it/prodotto/lego-classic-11024-base-grigia-tavola-per-costruzioni-quadrata-con-48x48-bottoncini-piattaforma-classica-per-mattoncini/,toys,
toyscenter,https://www.toyscenter.it/prodotto/sweet-takes-gioco-da-tavolo-divertente-per-feste-hasbro/,toys,
toyscenter,https://www.toyscenter.it/prodotto/cupola-per-arrampicata-bambini-3-8-anni-struttura-in-metallo-per-4-bimbi-o183x90cm-multicolore/,toys,
toyscenter,https://www.toyscenter.it/prodotto/ravensburger-creart-serie-d-gattini-kit-per-dipingere-con-i-numeri-contiene-una-tavola-prestampata-pennello-colori-e-accessori-gioco-creativo-per-bambini-7-anni/,toys,
toyscenter,https://www.toyscenter.it/prodotto/occhialini-deluxe-principesse-disney-per-bambini-3/,toys,
toyscenter,https://www.toyscenter.it/prodotto/disney-puzzle-maxifloor-4-x-48-princess/,toys,
toyscenter,https://www.toyscenter.it/prodotto/sottosopra-challenge-gioco-sfida-divertente-per-tutta-la-famiglia/,toys,
toyscenter,https://www.toyscenter.it/prodotto/bing-puzzle-in-legno-24-pezzi-display-da-6-apprendimento-e-divertimento/,toys,
toyscenter,https://www.toyscenter.it/prodotto/dc-comics-set-batman-e-batmobile/,toys,
toyscenter,https://www.toyscenter.it/prodotto/sonic-speed-cards/,toys,
toyscenter,https://www.toyscenter.it/prodotto/mini-brands-create-garden-capsule-di-zuru-giocattolo-sorpresa-con-miniature-da-collezionare/,toys,
toyscenter,https://www.toyscenter.it/prodotto/porsche-rc-122-auto-radiocomandata-con-controllo-2-4ghz/,toys,
toyscenter,https://www.toyscenter.it/prodotto/monkey-d-luffy-17cm-figure-banpresto-dxf-one-piece-film-red/,toys,
toyscenter,https://www.toyscenter.it/prodotto/carotina-valigetta-gioca-e-impara-animali/,toys,
toyscenter,https://www.toyscenter.it/prodotto/sylvanian-families-cucina-villa-sul-fiume/,toys,
toyscenter,https://www.toyscenter.it/prodotto/zaino-asilo-grande-amico-gufo/,toys,
toyscenter,https://www.toyscenter.it/prodotto/canal-toys-so-slime-kit-20-slime-fai-da-te-bambini-multicolore/,toys,
toyscenter,https://www.toyscenter.it/prodotto/duracell-nuovo-plus-100-d-batterie-torcia-alcaline-confezione-da-2/,toys,
toyscenter,https://www.toyscenter.it/prodotto/affonda-la-flotta-travel/,toys,
toyscenter,https://www.toyscenter.it/prodotto/lego-minecraft-21584-viaggio-nel-portale-del-nether-e-dellend/,toys,
toyscenter,https://www.toyscenter.it/prodotto/bath-bomb-singola/,toys,
toyscenter,https://www.toyscenter.it/prodotto/dudu-bun-bun-bunny-bye-bye/,toys,
toyscenter,https://www.toyscenter.it/prodotto/uovo-delle-sorprese-marvel-pvc-rosso-con-giocattoli-cartoleria-e-gadget/,toys,
notino,https://www.notino.it/baobab-collection/my-first-baobab-travel-profumo-per-ambienticonfezione-regalo/,beauty,5415198510432
notino,https://www.notino.it/olival/professional-polvere-esfoliante/,beauty,3858892692370
notino,https://www.notino.it/secret-play/orchid-natural-pheromones-profumo-ai-feromoni/,beauty,8435097837109
notino,https://www.notino.it/real-techniques/brush-sponge-cleasing-gel-set-per-il-viso/,beauty,2800011659123
notino,https://www.notino.it/ormonde-jayne/kashmir-eau-de-parfum-unisex/,beauty,5060238288675
notino,https://www.notino.it/thd/botanic-tabacco-toscano-diffusore-di-aromi-con-ricarica/,beauty,8055742824690
notino,https://www.notino.it/elizabeth-arden/green-tea-latte-corpo-per-donna/,beauty,085805466343
notino,https://www.notino.it/barry-m/lip-care-duo-confezione-regalo-peach-martiniper-le-labbra-con-profumazione/,beauty,5019301039850
notino,https://www.notino.it/nanolash/hydrogel-eye-patches-cuscinetti-in-idrogel-per-il-contorno-occhi/,beauty,5905669547635
notino,https://www.notino.it/cosrx/hydrium-triple-hyaluronic-water-wave-sheet-mask-mascheraviso-idratante-in-tessuto/,beauty,8809598451414
notino,https://www.notino.it/isadora/brush-powder-pennello-per-cipria-secca-in-polvere/,beauty,7333352092830
notino,https://www.notino.it/miraculum/collagen-pro-skin-lozione-tonica-detergente/,beauty,5900793051478
notino,https://www.notino.it/str8/game-eau-de-toilette-per-uomo/,beauty,5201314170327
notino,https://www.notino.it/mustela/bio-stelatopia-crema-lenitiva-per-neonati/,beauty,3504105039844
notino,https://www.notino.it/dior/dior-homme-cologne2013-acqua-di-colonia-per-uomo/,beauty,3348901126359
notino,https://www.notino.it/rilastil/acnestil-latte-esfoliante-ed-emolliente-per-pelli-acneiche/,beauty,8055510240509
notino,https://www.notino.it/benton/aloe-bha-lozione-tonica-idratante/,beauty,8809540510237
notino,https://www.notino.it/glade/vanilla-cream-cookies-candela-profumata-7105533/,beauty,5000204415209
notino,https://www.notino.it/ipuro/classic-noir-candela-profumata-6931947/,beauty,4070213002753
notino,https://www.notino.it/shiseido/vital-perfection-uplifting-firming-advanced-cream-enriched-crema-riorno-e-notte-rassodante-intensa/,beauty,768614218678
notino,https://www.notino.it/arval/puractiva-lozione-tonica-detergente-viso/,beauty,8025935270023
notino,https://www.notino.it/mary-may/6-peptide-complex-siero-rigenerante-intenso-effetto-antirughe/,beauty,8809670680824
notino,https://www.notino.it/mizon/good-bye-blemish-fresh-toner-lozione-tonica-lenitiva-viso-per-pelli-problematiche-acne/,beauty,8809663753504
notino,https://www.notino.it/delia-cosmetics/collagen-siero-idratante-con-collagene/,beauty,5906750806693
notino,https://www.notino.it/beauty-formulas/ceramides-siero-rigenerante/,beauty,5012251013987
notino,https://www.notino.it/novellista/rouge-prive-set-da-donna-6973779/,beauty,8050391450146
notino,https://www.notino.it/mercedes-benz/woman-in-red-woman-in-red-confezione-regalo-da-donna/,beauty,3595471029164
notino,https://www.notino.it/revox-b77/help-anti-dark-spot-serum-trattamento-riequilibrante-contro-le-macchie-della-pelle/,beauty,5060565102798
notino,https://www.notino.it/d-r-harris/shaving-soap-beech-wood-sapone-da-barba/,beauty,5060242620690
notino,https://www.notino.it/sisters-aroma/smart-hand-cream-sugar-porn-crema-trattante-per-le-mani-per-le-chiavi/,beauty,4820227785889
notino,https://www.notino.it/beauty-formulas/vitamin-c-dischetti-struccanti/,beauty,5012251013741
notino,https://www.notino.it/ajmal/viva-viola-eau-de-parfum-da-donna/,beauty,6293708010967
notino,https://www.notino.it/the-doctor/hyaluron-power-hydrating-formula-siero-ialuronico-effetto-idratante/,beauty,5901845509350
notino,https://www.notino.it/apivita/bee-sun-safe-latte-abbronzante-protettivo-in-spray-spf-30/,beauty,5201279080211
notino,https://www.notino.it/ashleigh-burwood-london/fir-cedarwood-ricarica-per-lampada-catalitica/,beauty,5033271040531
notino,https://www.notino.it/roc/multi-correxion-hydrate-plump-siero-idratante-intenso-per-rassodare-la-pelle/,beauty,1210000800299
notino,https://www.notino.it/ziaja/jasmine-acqua-micellare-per-pelli-mature/,beauty,5901887026860
notino,https://www.notino.it/uriage/eau-micellaire-thermale-lozione-micellare-detergente-per-pelli-normali-e-secche/,beauty,3661434009396
notino,https://www.notino.it/ziaja/sensitive-crema-notte-rassodante-per-pelli-sensibili/,beauty,5901887006923
notino,https://www.notino.it/olival/professional-hydro-cica-maschera-di-idratazione-profonda/,beauty,3858892694664
notino,https://www.notino.it/culti/white-label-tessuto-diffusore-di-aromi/,beauty,8050714294433
notino,https://www.notino.it/notino/makeup-brushes-professional-angled-contour-make-up-brush-141-pennello-contouring/,beauty,2800010028029
notino,https://www.notino.it/collistar/unica-redensifying-draining-anti-bags-eye-contour-crema-occhi-illuminante-contro-gonfiori-e-occhiaie/,beauty,8015150007344
notino,https://www.notino.it/bebio/smart-age-siero-ringiovanente-per-viso-collo-e-decollete/,beauty,5908233669368
notino,https://www.notino.it/arencia/green-tea-lha-deep-pore-rice-cake-cleanser-gel-di-pulizia-profonda-effetto-rigenerante/,beauty,8809562191971
notino,https://www.notino.it/etude/02-therapy-air-mask-pearl-maschera-viso-illuminante-in-tessuto-con-effetto-rivitalizzante/,beauty,8809820699263
notino,https://www.notino.it/gisada/ambassadora-confezione-regalo-da-donna/,beauty,7640164030753
notino,https://www.notino.it/bielenda-professional/supremelab-energy-boost-siero-rivitalizzante-con-vitamina-c/,beauty,5902169064419
notino,https://www.notino.it/kora-organics/active-algae-balsamo-detergente-per-il-viso/,beauty,9342759006492
notino,https://www.notino.it/glow-hub/nourish-hydrate-siero-idratante-e-nutriente-con-estratto-di-pesca/,beauty,5019607247539
notino,https://www.notino.it/missha/m-perfect-cover-bb-cream-ad-alta-protezione-uv/,beauty,8809747940776
notino,https://www.notino.it/londontown/kur-illuminating-nail-concealer-smalto-per-unghie-illuminante/,beauty,813091022246
notino,https://www.notino.it/clean/shower-fresh-eau-de-parfum-new-design-da-donna/,beauty,874034010638
notino,https://www.notino.it/anua/k-pop-demon-hunters-rice-70-ceramide-maschera-viso-trattante-in-tessuto-per-rafforzare-la-barriera-cutanea/,beauty,8800307377681
notino,https://www.notino.it/tropicandle/melissa-candela-profumata/,beauty,8594203530652
notino,https://www.notino.it/breakout-aid/spf-30-hydrating-protecting-mask-mascheraviso-idratante-in-tessuto-con-vitamina-e/,beauty,5060548392000
notino,https://www.notino.it/ziaja/satin-glow-moisturizing-face-toner-lozione-tonica-idratante-in-spray/,beauty,5901887011224
notino,https://www.notino.it/pastel/pure-smalto-per-unghie/,beauty,8690644246111
notino,https://www.notino.it/inika-organic/brow-perfector-mascara-per-sopracciglia/,beauty,9553527050207
notino,https://www.notino.it/banila-co/clean-it-zero-pore-clarifying-snoopy-edition-balsamo-struccante-e-detergente-per-pori-dilatati/,beauty,8800248706687
notino,https://www.notino.it/bruno-banani/dangerous-woman-eau-de-parfum-da-donna/,beauty,3616301641308
notino,https://www.notino.it/essence/lash-princess-mascara-definizione-per-ciglia-voluminose-e-curve/,beauty,4251232221619
notino,https://www.notino.it/yankee-candle/bayside-cedar-diffusore-di-aromi-ricarica/,beauty,5038581156026
notino,https://www.notino.it/calvin-klein/defy-deodorante-sticksenza-alcool-per-uomo/,beauty,3616301296645
notino,https://www.notino.it/al-haramain/detour-rouge-eau-de-parfum-per-donna/,beauty,6291100137268
notino,https://www.notino.it/tropicandle/coconut-candela-profumata-7141772/,beauty,8594203530225
notino,https://www.notino.it/glade/automatic-spray-sandalwood-jasmine-deodorante-automatico-con-ricarica-sandalwood-jasmine/,beauty,5000204073232
notino,https://www.notino.it/so-eco/blush-brush-pennello-viso/,beauty,5060226334292
notino,https://www.notino.it/essence/juicy-bomb-spray-corpo-7130708/,beauty,4059729583383
notino,https://www.notino.it/mustela/bebe-liniment-latte-detergente-per-neonati/,beauty,3504100102871
notino,https://www.notino.it/dermacol/bio-retinol-crema-notte-ringiovanente-con-retinolo/,beauty,8595003131735
notino,https://www.notino.it/wet-n-wild/ultimate-brow-kit-per-sopracciglia-perfette/,beauty,4049775596307
notino,https://www.notino.it/floslek-pharma/cica-care-calming-moisturizing-cicaserum-siero-lenitivo-per-pelli-secche-e-irritate/,beauty,5905043026046
notino,https://www.notino.it/victorias-secret/coconut-passion-shimmer-latte-corpo-da-donna-6830369/,beauty,667555535557
notino,https://www.notino.it/revox-b77/just-collagen-amino-acids-ha-emulsione-idratante-per-viso-e-collo/,beauty,5060565102811
notino,https://www.notino.it/flawless/finishing-touch-cleanse-spazzola-detergente-viso/,beauty,5010724544990
notino,https://www.notino.it/oriflame/nordic-waters-infinite-blue-eau-de-parfum-da-donna/,beauty,2800010129092
notino,https://www.notino.it/curapil/care-maschera-viso-con-acido-ialuronico/,beauty,8594184520369
notino,https://www.notino.it/catrice/calligraph-pro-precise-24h-matt-set-per-gli-occhi/,beauty,2800011656832
notino,https://www.notino.it/millefiori/natural-white-musk-olio-profumato/,beauty,8034073607356
notino,https://www.notino.it/wilkinson-sword/intuition-dermaglow-rasoio-2-testine-di-ricambio/,beauty,4027800177400
notino,https://www.notino.it/estee-lauder/holiday-pleasures-the-duo-gift-set-confezione-regalo-da-donna/,beauty,887167843455
notino,https://www.notino.it/chopard/imperiale-iris-malika-eau-de-parfum-da-donna/,beauty,7640177360731
notino,https://www.notino.it/bourjois/twist-up-the-volume-mascara-effetto-volumizzante-con-spazzolino-2-in-1/,beauty,3616305492456
notino,https://www.notino.it/castelbel/green-sencha-confezione-regalo-green/,beauty,190577192229
notino,https://www.notino.it/matis-paris/reponse-purete-perfect-eraser-trattamento-sos-per-il-viso/,beauty,3579209002490
notino,https://www.notino.it/diva-nice-cosmetics/professional-pennello-contouring/,beauty,8595069714101
notino,https://www.notino.it/the-ordinary/saccharomyces-ferment-30-milky-toner-lozione-tonica-esfoliante-delicata/,beauty,769915233551
notino,https://www.notino.it/air-wick/freshmatic-linen-in-the-air-deodorante-ricarica/,beauty,5900627055184
notino,https://www.notino.it/lancome/absolue-les-parfums-i-flamed-a-rose-eau-de-parfum-da-donna/,beauty,03614274151589
notino,https://www.notino.it/issey-miyake/lumiere-dissey-confezione-regalo-da-donna/,beauty,3423222134747
notino,https://www.notino.it/emper/fasio-eau-de-parfum-da-donna/,beauty,6291103661265
notino,https://www.notino.it/dr-hauschka/facial-care-trattamento-lenitivo-intensivo-per-pelli-sensibili/,beauty,4020829115620
notino,https://www.notino.it/bandi-cosmetics/pure-care-lozione-tonica-idratante/,beauty,5901138907221
notino,https://www.notino.it/korres/black-sugar-eau-de-parfum-unisex/,beauty,5203069131370
notino,https://www.notino.it/pani-walewska/sweet-romance-eau-de-parfum-da-donna-7095374/,beauty,5900793058491
notino,https://www.notino.it/air-wick/active-fresh-jasmine-bouquet-deodorante-ricarica/,beauty,5999109543301
notino,https://www.notino.it/notino/dual-end-detail-eye-brush-502-pennello-per-ombretti-double-face/,beauty,2800010904538
notino,https://www.notino.it/millefiori/selected-orange-tea-ricarica-per-diffusori-di-aromi/,beauty,8055182136865
notino,https://www.notino.it/bielenda/skin-academy-solution-crema-idratante-per-il-viso/,beauty,5902169061487
notino,https://www.notino.it/kiss/impress-short-unghie-finte-6983559/,beauty,731509837711
notino,https://www.notino.it/crystallove/energy-crystals-the-seven-chakra-moons-attrezzi-per-i-massaggi/,beauty,5903919652375
notino,https://www.notino.it/natura-siberica/royal-caviar-maschera-liftante-per-favorire-la-formazione-di-collagene/,beauty,4743318144368
notino,https://www.notino.it/essence/fabowlous-rossetto-lucido/,beauty,4059729521743
notino,https://www.notino.it/so-eco/wrist-wash-bands-braccialetti-contro-gli-schizzi-dacqua-per-lavare-il-viso/,beauty,5056682800556
notino,https://www.notino.it/lumene/blur-even-cover-fondotinta-liquido-con-finish-matte-16-ore/,beauty,6412600862416
notino,https://www.notino.it/ecotools/face-tools-pennello-per-cipria/,beauty,079625016000
notino,https://www.notino.it/zimaya/reverie-aqua-eau-de-parfum-per-uomo/,beauty,6290171075684
notino,https://www.notino.it/ziaja-med/atopic-dermatitis-care-crema-lenitiva-per-pelli-secche-e-atopiche/,beauty,5901887030423
notino,https://www.notino.it/whamisa/algae-organic-kelp-mask-maschera-di-rigenerazione-profonda-con-alghe-marine/,beauty,8809403817763
notino,https://www.notino.it/institut-esthederm/osmoclean-mousse-detergente/,beauty,3461020013178
notino,https://www.notino.it/pani-walewska/classic-confezione-regalo-da-donna/,beauty,5900793056572
notino,https://www.notino.it/farmona/herbal-care-peptides-orchid-maschera-in-tessuto/,beauty,5900117982822
notino,https://www.notino.it/clean-clear/deep-cleansing-lozione-viso-di-pulizia-profonda-per-pelli-sensibili/,beauty,8002110326966
notino,https://www.notino.it/xerjoff/symphonium-profumo-unisex/,beauty,8033488155551
notino,https://www.notino.it/lattafa/mohra-eau-de-parfum-unisex/,beauty,6291108735589
notino,https://www.notino.it/yankee-candle/ocean-air-candela-votiva-glass/,beauty,5038581130330
notino,https://www.notino.it/abib/quick-sunstick-protection-bar-crema-abbronzante-in-stick-effetto-idratante/,beauty,8809030734174
notino,https://www.notino.it/hamidi/fondue-tropical-mango-eau-de-parfum-unisex/,beauty,6295199815816
notino,https://www.notino.it/hamidi/samaa-olio-profumato-unisex/,beauty,6295199814758
notino,https://www.notino.it/apis-natural-cosmetics/ceramide-repair-crema-rigenerante-con-ceramidi/,beauty,5901810051969
notino,https://www.notino.it/kringle-candle/reserve-bayleaf-fig-candela-profumata/,beauty,846853099576
notino,https://www.notino.it/kiss/falscara-remover-remover-per-colla-per-ciglia-finte-a-ciuffetti/,beauty,731509798456
notino,https://www.notino.it/revox-b77/just-glycolic-acid-7-lozione-tonica-esfoliante-delicata/,beauty,5060565105935
notino,https://www.notino.it/korres/greek-yoghurt-mascheraviso-idratante-in-tessuto-con-probiotici/,beauty,5203069114045
notino,https://www.notino.it/vera-wang/rock-princess-eau-de-toilette-da-donna/,beauty,3616304248757
notino,https://www.notino.it/olehenriksen/pout-preserve-chillers-lucidalabbra-idratante-con-effetto-rinfrescante/,beauty,840026682084
notino,https://www.notino.it/cocosolis/rose-clean-hydrate-face-foam-schiuma-detergente-viso-effetto-idratante/,beauty,3800501636237
notino,https://www.notino.it/dolce-gabbana/rose-glow-cushion-fondotinta-illuminante-e-idratante-spf-50/,beauty,8054754401684
notino,https://www.notino.it/korres/mediterranean-grape-balsamo-tonificante-per-labbra-effetto-idratante/,beauty,5203069090974
notino,https://www.notino.it/thd/platinum-collection-lavanda-mediterranea-diffusore-di-aromi-con-ricarica/,beauty,8055742822207
notino,https://www.notino.it/the-library-of-fragrance/banana-flambee-acqua-di-colonia-unisex/,beauty,0648389091372
notino,https://www.notino.it/apis-natural-cosmetics/couperose-stop-lozione-tonica-idratante-per-pelli-sensibili-con-tendenza-allarrossamento/,beauty,5901810004569
notino,https://www.notino.it/so-eco/bronzer-brush-pennello-per-bronzer/,beauty,5060226334353
notino,https://www.notino.it/maybelline-new-york/poreless-jelly-primer-per-fondotinta/,beauty,3600531700386
notino,https://www.notino.it/culti/car-diffuser-taupe-mediterranea-deodorante-per-auto-ricarica/,beauty,8050714294990
notino,https://www.notino.it/nishane/wulong-cha-estratto-profumato-unisex/,beauty,8681008055227
notino,https://www.notino.it/sensai/silky-bronze-crema-gel-autoabbronzante-viso/,beauty,4973167953952
notino,https://www.notino.it/fomo/midnight-riviera-estratto-profumato-unisex/,beauty,6290361941300
notino,https://www.notino.it/dermacol/f-high-shine-lucidalabbra-luminoso-con-aloe-vera/,beauty,85974333
notino,https://www.notino.it/pupa-milano/vamp-eye-pencil-matita-per-occhi-waterproof-2-in-1/,beauty,8011607355037
notino,https://www.notino.it/eisenberg/tentation-irresistible-eau-de-parfum-da-donna/,beauty,3259551011615
notino,https://www.notino.it/essence/spot-squad-holo-pimple-patches-cerotti-per-pelli-problematiche/,beauty,4059729584755
notino,https://www.notino.it/beauty/discovery-box-notino-aqua-glow-set-da-donna/,beauty,2800011225267
notino,https://www.notino.it/avon/anew-ultimate-crema-notte-anti-age/,beauty,5059018654120
notino,https://www.notino.it/kiss/voguish-fantasy-magnifique-unghie-finte-medium/,beauty,731509887488
notino,https://www.notino.it/gritti/black-antalya-eau-de-parfum-per-uomo/,beauty,8052204136322
notino,https://www.notino.it/skil/colors-ray-of-life-eau-de-parfum-da-donna/,beauty,3430750214353
notino,https://www.notino.it/the-different-company/oud-shamash-eau-de-parfum-unisex/,beauty,3760033639451
notino,https://www.notino.it/cosrx/one-step-original-tone-clarifying-moisture-pad-cuscinetti-tonificanti-effetto-idratante/,beauty,8800311121584
notino,https://www.notino.it/thd/botanic-cardamomo-e-caffe-diffusore-di-aromi-con-ricarica/,beauty,8055742824683
notino,https://www.notino.it/avon/true-colour-fondotinta-in-crema-effetto-cipria/,beauty,2800010063556
notino,https://www.notino.it/mad-beauty/lion-king-simba-balsamo-labbra-effetto-idratante/,beauty,5060895839142
notino,https://www.notino.it/grande-cosmetics/grandeprimer-primer-per-mascara/,beauty,843246110078
notino,https://www.notino.it/opi/nail-lacquer-barbie-smalto-per-unghie/,beauty,4064665125733
notino,https://www.notino.it/muhle/accessories-holder-accessori-per-capelli-per-rasatura/,beauty,4028982013142
notino,https://www.notino.it/creed/aventus-for-her-candela-profumata/,beauty,3508440002853
notino,https://www.notino.it/cerave/blemish-control-barrier-patches-set-per-pelli-problematiche-acne/,beauty,2800011660204
notino,https://www.notino.it/essence/superman-illuminante-in-bastoncino/,beauty,4059729532183
notino,https://www.notino.it/skkn-by-kim/resurfacing-mask-set-set/,beauty,2800021658444
notino,https://www.notino.it/essence/flick-it-eyeliner-di-precisione-waterproof-per-gli-occhi/,beauty,4059729583246
notino,https://www.notino.it/laka/dreambeam-highlighter-illuminante-compatto-in-polvere/,beauty,8809611862593
notino,https://www.notino.it/ashleigh-burwood-london/lamp-fragrance-fresh-linen-ricarica-per-lampada-catalitica/,beauty,5033271015102
notino,https://www.notino.it/helia-d/botanic-concept-crema-idratante-giorno-per-pelli-normali-e-miste/,beauty,5999569020183
notino,https://www.notino.it/beauty-formulas/avocado-trattamento-per-pori-dilatati-e-punti-neri/,beauty,5012251013857
notino,https://www.notino.it/yankee-candle/fresh-cut-roses-candela-profumata-signature/,beauty,5038581129334
notino,https://www.notino.it/truelife/air-diffuser-d8-diffusore-di-aromi-a-ultrasuoni-e-umidificatore-dellaria/,beauty,8595724901778
notino,https://www.notino.it/soap-glory/the-fab-pore-mousse-detergente-per-il-viso/,beauty,5000167344523
notino,https://www.notino.it/al-haramain/dubai-eau-de-parfum-unisex/,beauty,6600001239566
notino,https://www.notino.it/lalique/le-parfum-eau-de-parfum-per-donna/,beauty,3454960020900
notino,https://www.notino.it/orto-parisi/boccanera-profumo-unisex/,beauty,8717774840849
notino,https://www.notino.it/nanolash/diy-sealer-gel-fissante-trasparente/,beauty,5905997306447
notino,https://www.notino.it/french-avenue/liquid-brun-eau-de-parfum-unisex/,beauty,6290360375694
notino,https://www.notino.it/hermes/barenia-eau-de-parfum-eau-de-parfum-da-donna-7040114/,beauty,3346130421368
notino,https://www.notino.it/nishane/hacivat-oud-estratto-profumato-unisex/,beauty,8683608070914
notino,https://www.notino.it/oriflame/diamond-cellular-micellar-solution-cleanser-lozione-micellare-detergente/,beauty,2800011556613
notino,https://www.notino.it/academie/academie-all-skin-types-balsamo-illuminante-per-tutti-i-tipi-di-pelle/,beauty,3145072031006
notino,https://www.notino.it/coach/blue-man-eau-de-toilette-per-uomo/,beauty,3386460113724
notino,https://www.notino.it/vt-cosmetics/pdrn-essence-stick-balm-essenza-illuminante-in-stick/,beauty,8803463007393
notino,https://www.notino.it/woodwick/ginger-turmeric-candela-profumata-con-stoppino-in-legno/,beauty,5038581148427
notino,https://www.notino.it/escentric-molecules/escentric-02-eau-de-toilette-unisex/,beauty,5060103310036
notino,https://www.notino.it/peter-thomas-roth/potent-c-power-moisturizer-crema-idratante-viso-con-vitamina-c/,beauty,0670367019368
notino,https://www.notino.it/revox-b77/just-oil-control-skincare-routine-set-per-pelli-grasse/,beauty,5060565104389
notino,https://www.notino.it/sesderma/repaskin-crema-giorno-viso-spf-50/,beauty,8429979482006
notino,https://www.notino.it/biodance/radiant-vita-niacinamide-cream-crema-idratante-e-nutriente-per-una-pelle-luminosa-e-liscia/,beauty,8809891185078
notino,https://www.notino.it/garnier/vitamin-c-set-illuminante/,beauty,2800011661546
notino,https://www.notino.it/lierac/glow-fresh-the-plumping-lip-gloss-lucidalabbra-volumizzante/,beauty,3701436939687
notino,https://www.notino.it/tirtir/pha-15-serum-siero-idratante-con-effetto-esfoliante/,beauty,8809928135373
notino,https://www.notino.it/baobab/les-exclusives-platinum-ricarica/,beauty,5415198273757
notino,https://www.notino.it/dr-jart/cicapair-redness-rescue-regimen-confezione-conveniente-per-pelli-sensibili/,beauty,1210001221192
notino,https://www.notino.it/korika/fermentbeauty-yogurt-and-hyaluronic-acid-fissato-a-un-prezzo-ridotto/,beauty,8053689495591
notino,https://www.notino.it/dior/diorshow-mono-couleur-ombretti-lunga-tenuta/,beauty,3348901702034
notino,https://www.notino.it/armaf/ombre-dor-eau-de-parfum-unisex/,beauty,6295199801550
notino,https://www.notino.it/skin1004/madagascar-centella-double-cleansing-duo-set-per-un-viso-pulito-e-lenito/,beauty,8809913830641
notino,https://www.notino.it/victorias-secret/marigold-pear-latte-corpo-da-donna/,beauty,667559669272
notino,https://www.notino.it/lierac/diopti-wrinkle-correction-cream-crema-notte-effetto-antirughe/,beauty,3701436922092
notino,https://www.notino.it/nivea/derma-skin-clear-esfoliante-detergente-viso/,beauty,9005800361130
notino,https://www.notino.it/laq/kitten-magnolia-confezione-regalo/,beauty,5902730837879
notino,https://www.notino.it/magic-studio/blush-stick-blush-in-bastoncino/,beauty,8594219431950
notino,https://www.notino.it/al-haramain/habibi-dubai-night-estratto-profumato-unisex/,beauty,6291106816853
notino,https://www.notino.it/nipfab/retinol-fix-extreme-siero-notte-per-il-viso/,beauty,5056217803151
notino,https://www.notino.it/gloria-vanderbilt/minuit-new-a-york-eau-de-parfum-per-donna/,beauty,3600550814262
notino,https://www.notino.it/mario-badescu/drying-lotion-trattamento-localizzato-anti-acne/,beauty,785364134089
notino,https://www.notino.it/matiere-premiere/radical-rose-estratto-profumato-unisex/,beauty,3760372460556
notino,https://www.notino.it/chloe/set-confezione-regalo-da-donna/,beauty,3616307200233
notino,https://www.notino.it/diesel/fuel-for-life-eau-de-toilette-per-uomo/,beauty,3614273277693
notino,https://www.notino.it/babyliss-pro/blades-fade-testina-di-ricambio-6969201/,beauty,3030050180237
notino,https://www.notino.it/yon-ka/age-defense-phyto-58-crema-notte-rigenerante-attivante-per-pelli-secche/,beauty,0832630003249
notino,https://www.notino.it/babyliss/super-x-metal-series-fs991de-rasoio-elettrico/,beauty,3030050200454
notino,https://www.notino.it/aa-cosmetics/y-lift-supreme-serum-activator-siero-effetto-lifting-con-applicatore-per-massaggio/,beauty,5900116099828
notino,https://www.notino.it/brushart/basic-pennello-per-fondotinta/,beauty,8053689493795
notino,https://www.notino.it/beautifly/b-scrub-aqua-glow-spatola-multifunzione-a-ultrasuoni/,beauty,5903003701644
notino,https://www.notino.it/loewe/solo-ella-elixir-profumo-da-donna/,beauty,8426017079051
notino,https://www.notino.it/dermaline/advanced-firming-line-bio-activing-pdrn-ampoule-siero-antirughe/,beauty,8809481702456
notino,https://www.notino.it/cuba/shadow-eau-de-toilette-per-uomo/,beauty,5425039220604
notino,https://www.notino.it/glade/one-refreshing-air-ricarica-per-il-deodorante-per-ambienti/,beauty,5000204454338
notino,https://www.notino.it/armani/eau-de-nuit-eau-de-toilette-per-uomo/,beauty,3605521695178
notino,https://www.notino.it/air-wick/freshmatic-purple-lavender-meadow-deodorante-ricarica/,beauty,3059943009080
notino,https://www.notino.it/annabelle-minerals/matte-mineral-foundation-fondotinta-minerale-in-polvere-per-un-finish-opaco/p-16194223/,beauty,5902596579692
notino,https://www.notino.it/dermacol/8h-lip-liner-affair-matita-labbra-in-crema/,beauty,85983427
notino,https://www.notino.it/baylis-harding/the-edit-cherry-temptation-spray-corpo-profumato/,beauty,017854117211
notino,https://www.notino.it/zimaya/siada-nova-eau-de-parfum-unisex/,beauty,6290171075998
notino,https://www.notino.it/lattafa/bayaan-eau-de-parfum-da-donna/,beauty,6290360591490
notino,https://www.notino.it/mustela/bebe-stelatopia-crema-viso-per-bambini-per-pelli-atopiche/,beauty,3504105031572
notino,https://www.notino.it/wet-n-wild/megaglo-illuminante-in-crema-in-bastoncino/,beauty,0077802001511
notino,https://www.notino.it/bait-al-bakhoor/dahaab-saafi-eau-de-parfum-unisex/,beauty,6290171040514
notino,https://www.notino.it/risala/fragaby-2-eau-de-parfum-unisex/,beauty,6295199822685
notino,https://www.notino.it/bielenda-professional/supremelab-barrier-renew-crema-nutriente-intensa-notte-con-ceramidi/,beauty,5902169039714
notino,https://www.notino.it/accentra/home-spa-confezione-regalo-da-donna/,beauty,4015953711398
notino,https://www.notino.it/xerjoff/oud-stars-gao-eau-de-parfum-unisex/,beauty,2800011656122
notino,https://www.notino.it/alpha-h/micro-super-scrub-gel-esfoliante/,beauty,9336328015985
notino,https://www.notino.it/australian-bodycare/face-care-siero-ialuronico-per-unidratazione-intensa-della-pelle/,beauty,5709455010514
notino,https://www.notino.it/eveline-cosmetics/vitamin-c-3x-action-acqua-micellare-illuminante-e-idratante/,beauty,5903416054146
notino,https://www.notino.it/animale/for-men-eau-de-toilette-per-uomo/,beauty,892456000174
notino,https://www.notino.it/farmstay/citrus-yuja-crema-rivitalizzante-per-il-viso/,beauty,8809035144947
notino,https://www.notino.it/cuba/signature-eau-de-toilette-per-uomo/,beauty,5425039222158
notino,https://www.notino.it/avon/today-tomorrow-always-love-quartz-eau-de-parfum-da-donna/,beauty,5059018635150
notino,https://www.notino.it/korika/korean-heritage-silk-8-types-of-hyaluronic-acid-melting-cleansing-balm-balsamo-struccante-e-detergente/,beauty,8053689496222
notino,https://www.notino.it/clinique/mini-kit-healthy-skin-routine-skin-type-2-confezione-regalo-da-donna/,beauty,192333268087
notino,https://www.notino.it/palsar7/massage-roller-and-guasha-jade-rullo-per-massaggi-per-il-viso-e-attrezzi-per-i-massaggi/,beauty,8594209100194
notino,https://www.notino.it/fresh/lotus-youth-preserve-dream-cream-crema-notte-contro-tutti-i-segni-di-invecchiamento/,beauty,809280164200
notino,https://www.notino.it/paddywax/a-dopo-eye-candela-profumata/,beauty,840214814914
notino,https://www.notino.it/natura-siberica/anti-ox-wild-blueberry-spray-tonificante-per-il-viso/,beauty,4743318148076
notino,https://www.notino.it/clinique/moisture-surge-mini-kit-confezione-regaloper-il-viso/,beauty,192333138939
notino,https://www.notino.it/delia-cosmetics/retinol-anti-wrinkle-serum-siero-antirughe-con-retinolo/,beauty,5906750806662
notino,https://www.notino.it/loreal-paris/age-perfect-set-anti-age/,beauty,2800011661775
notino,https://www.notino.it/nivea/rosy-time-confezione-regalo-nutriente-e-idratante/,beauty,9005800409054
notino,https://www.notino.it/air-wick/active-fresh-pumpkin-spice-everything-nice-deodorante-ricarica/,beauty,5999109546333
notino,https://www.notino.it/braun/series-7-72-c1200s-rasoio-elettrico/,beauty,8700216645300
notino,https://www.notino.it/catrice/my-core-essentials-magic-shine-eraser-gel-gel-opacizzante-per-levigare-e-opacizzare-la-pelle/,beauty,4059729599124
notino,https://www.notino.it/natura-siberica/polar-white-birch-dischetti-esfolianti-viso-per-pelli-grasse-e-problematiche/,beauty,4743318147628
notino,https://www.notino.it/loreal-paris/revitalift-vitamina-c-crema-per-il-viso-con-vitamina-c/,beauty,3600524169664
notino,https://www.notino.it/bielenda/golden-ceramides-crema-rigenerante-antirughe-70/,beauty,5902169046934
notino,https://www.notino.it/lamel/pop-drop-liquid-blush-blush-liquido/,beauty,810190054833
notino,https://www.notino.it/dr-sante/ultralifting-peptide-niacinamide-siero-liftante-per-pelli-mature/,beauty,4823015946837
notino,https://www.notino.it/korloff/pour-homme-eau-de-parfum-per-uomo/,beauty,3760251870599
notino,https://www.notino.it/helan/monoi-de-tahiti-mineral-sun-cream-spf50-crema-abbronzante-per-viso-e-corpo/,beauty,8054796501076
notino,https://www.notino.it/dr-althea/345-relief-cream-mask-maschera-lenitiva-in-tessuto/,beauty,8809447256283
notino,https://www.notino.it/essential-parfums/the-musc-extrait-estratto-profumato-unisex/,beauty,3760393040294
notino,https://www.notino.it/wet-n-wild/chameleon-chrome-matita-occhi-metallizzata/,beauty,0077802001641
notino,https://www.notino.it/cosrx/advanced-snail-92-all-in-one-crema-rigenerante-intensa-con-estratto-di-bava-di-lumaca/,beauty,8809416470016
notino,https://www.notino.it/catrice/prismatic-shift-eyeshadow-ombretti-con-effetto-multicromatico/,beauty,4059729586995
notino,https://www.notino.it/catrice/glamour-doll-mascara-per-un-volume-massimo-resistente-allacqua/,beauty,4250587753509
notino,https://www.notino.it/bell/hypoallergenic-bb-cream-idratante-spf-50/,beauty,5902082576761
notino,https://www.notino.it/niche-emarati/vintage-castle-eau-de-parfum-unisex/,beauty,6290360593005
notino,https://www.notino.it/embryolisse/moisturizers-crema-idratante-leggera-per-pelli-normali-e-miste/,beauty,3350900001315
notino,https://www.notino.it/roberto-cavalli/just-cavalli-wild-orchard-spray-corpo-profumato-da-donna/,beauty,8052464898114
notino,https://www.notino.it/rimmel/wonderbond-gel-per-le-sopracciglia/,beauty,3616306822061
notino,https://www.notino.it/bond-no-9/park-avenue-eau-de-parfum-da-donna/,beauty,888874000476
notino,https://www.notino.it/secret-play/vibrant-kiss-brownie/,beauty,8435097836553
notino,https://www.notino.it/aa-cosmetics/laab-tetra-c-yuzu-maschera-idratante-e-illuminante-per-le-labbra/,beauty,5900116106922
notino,https://www.notino.it/some-by-mi/snail-truecica-miracle-repair-siero-rigenerante-e-illuminante/,beauty,8809647390275
notino,https://www.notino.it/nam/dewy-fondotinta-liquido-lunga-tenuta-con-acido-ialuronico/,beauty,5901801698937
notino,https://www.notino.it/mario-badescu/super-peptide-serum-siero-ringiovanente-effetto-antirughe/,beauty,785364604254
notino,https://www.notino.it/beper/c301abe101-rullo-per-massaggi-per-il-viso-e-attrezzi-per-i-massaggi/,beauty,8056420222692
notino,https://www.notino.it/purito/centella-unscented-kit-da-viaggioper-pelli-sensibili-e-irritate/,beauty,8809563100828
notino,https://www.notino.it/gosh/brow-lift-gel-per-le-sopracciglia-con-spazzolino-2-in-1/,beauty,5711914175313
notino,https://www.notino.it/makeup-revolution/dermaplaning-set-strumento-per-la-rimozione-dei-peli-su-viso-e-collo/,beauty,5057566620765
notino,https://www.notino.it/zmile-cosmetics/snowflake-puzzle-calendario-dellavvento-ice-blue/,beauty,4038432015596
notino,https://www.notino.it/eveline-cosmetics/6-ceramides-siero-rigenerante-per-pelli-sensibili/,beauty,5903416066736
notino,https://www.notino.it/apivita/beevine-elixir-collagen-reboot-set-regalo-di-natale-per-rassodare-la-pelle/,beauty,5201279111601
notino,https://www.notino.it/brushworks/bronzer-brush-pennello-per-bronzer/,beauty,5056683101089
notino,https://www.notino.it/neogen-dermalogy/bio-peel-gauze-peeling-wine-dischetti-esfolianti-viso-per-lisciare-la-pelle-e-ridurre-i-pori/,beauty,8809381444234
notino,https://www.notino.it/dior/poison-hypnotic-poison2014-eau-de-parfum-per-donna/,beauty,3348901192231
notino,https://www.notino.it/ryor/caviar-care-crema-giorno-viso/,beauty,8594007971613
notino,https://www.notino.it/vitastrong/biotin-complex-compresse-per-capelli-unghie-ed-epidermide/,beauty,8055774502542
notino,https://www.notino.it/dolce-gabbana/q-by-dolce-gabbana-elixir-profumo-da-donna/,beauty,8056669925408
notino,https://www.notino.it/korres/yoghurt-sunscreen-crema-abbronzante-viso-effetto-idratante/,beauty,5203069126413
notino,https://www.notino.it/arval/ilsole-crema-antirughe-doposole/,beauty,8025935115584
notino,https://www.notino.it/noreva/exfoliac-purifying-scrub-scrub-detergente-per-pelli-problematiche/,beauty,3571940000384
notino,https://www.notino.it/luvia-cosmetics/all-eye-want-nude-aura-set-di-pennelli-per-il-trucco-occhi/,beauty,4260376616915
notino,https://www.notino.it/weleda/weleda-set-7165626/,beauty,2800011656269
notino,https://www.notino.it/bloom/flare-ciglia-finte/p-15766106/,beauty,840327173069
notino,https://www.notino.it/ohora/gel-nail-sticker-n-cream-cotton-adesivi-per-unghie/,beauty,8809622449646
notino,https://www.notino.it/bruno-banani/magnetic-woman-spray-corpo/,beauty,3616302039913
notino,https://www.notino.it/mac-cosmetics/macximal-sleek-satin-lipstick-mini-rossetto-satin-per-un-look-perfetto/,beauty,773602720330
notino,https://www.notino.it/vichy/liftactiv-collagen-specialist-crema-rigenerante-liftante-antirughe/,beauty,3337875607254
notino,https://www.notino.it/al-haramain/detour-noir-eau-de-parfum-per-uomo/,beauty,6291100137275
notino,https://www.notino.it/lirene/face-mask-sensi-care-luxury-maschera-lenitiva/,beauty,5900717074545
notino,https://www.notino.it/house-of-hur/phyto-brew-matcha-ampoule-siero-idratante-e-lenitivo-illuminante/,beauty,8809975195443
notino,https://www.notino.it/weleda/cleaning-care-deep-cleansing-gel-gel-di-pulizia-profonda-effetto-idratante/,beauty,4001638589611
notino,https://www.notino.it/bubchen/care-crema-trattante-per-corpo-e-viso/,beauty,42420767
notino,https://www.notino.it/victorias-secret/siren-serenade-spray-corpo-da-donna/,beauty,667559066859
notino,https://www.notino.it/avon/encanto-gorgeous-eau-de-toilette-da-donna/,beauty,2800011611978
notino,https://www.notino.it/sisters-aroma/home-fragrance-angry-pistachio-diffusore-di-aromi/,beauty,4820227787647
notino,https://www.notino.it/olival/professional-microbalm-balsamo-struccante-e-detergente/,beauty,3858892695920
notino,https://www.notino.it/mad-beauty/disney-princess-belle-balsamo-labbra-7129271/,beauty,5060895835564
notino,https://www.notino.it/essence/juicy-bomb-sweet-drop-spray-corpo-7118198/,beauty,4059729616777
notino,https://www.notino.it/kiss/color-fx-im-press-unghie-finte/,beauty,731509914047
notino,https://www.notino.it/copenhagen-grooming/blazar-crema-idratante-tonificante-per-uomo/,beauty,5714979000019
notino,https://www.notino.it/lancaster/golden-tan-set-set/,beauty,2800011658515
notino,https://www.notino.it/revuele/hydra-therapy-intense-moisturising-expert-crema-idratante-intensa-per-il-contorno-occhi/,beauty,5060565100268
notino,https://www.notino.it/makeup-revolution/5d-lash-pow-mascara-volumizzante-e-allungante-per-un-effetto-ciglia-finte/,beauty,5057566544566
notino,https://www.notino.it/lamel/cloud-matte-powder-foundation-fondotinta-cipriato-opacizzante/,beauty,810149045844
notino,https://www.notino.it/tropicandle/frozen-cranberry-candela-profumata/,beauty,8594203531017
notino,https://www.notino.it/nasomatto/blamage-estratto-profumato-unisex/,beauty,8717774840313
notino,https://www.notino.it/apis-natural-cosmetics/home-terapis-crema-idratante-e-lenitiva-per-il-viso/,beauty,5901810052164
notino,https://www.notino.it/etude/fixing-tint-rossetto-a-lunga-tenuta-effetto-matte/p-16249882/,beauty,8809820695807
notino,https://www.notino.it/azzaro/chrome-confezione-regalo-per-uomo-7171937/,beauty,3614275023557
notino,https://www.notino.it/palsar7/anti-age-confezione-regalo/,beauty,8594209101504
notino,https://www.notino.it/rms-beauty/reevolve-natural-finish-fondotinta-liquido/,beauty,816248022397
notino,https://www.notino.it/gritti/mango-aoud-estratto-profumato-unisex/,beauty,8052204136858
notino,https://www.notino.it/it-cosmetics/your-skin-but-better-cc-cream-natural-matte-fondotinta-opacizzante-spf-40/,beauty,3605972809841
notino,https://www.notino.it/paese/nanorevit-spray-idratante-con-effetto-lenitivo/,beauty,5902627620171
notino,https://www.notino.it/silkn/freshpedi-medium-coarse-testina-di-ricambio-per-la-limetta-elettrica-per-i-piedi/,beauty,8712856068449
notino,https://www.notino.it/erborian/cc-cream-centella-asiatica-crema-illuminante-per-una-tinta-uniforme-della-pelle-spf-25-confezione-piccola/,beauty,8809255780178
notino,https://www.notino.it/swiss-arabian/amaali-olio-profumato-da-donna/,beauty,6295124027826
notino,https://www.notino.it/sosu-cosmetics/liquid-blush-blush-liquido-7085303/,beauty,5391545372604
notino,https://www.notino.it/mac-cosmetics/eye-shadow-glitter-ombretti-con-glitter/,beauty,773602751846
notino,https://www.notino.it/holika-holika/holika-holika-pure-essence-mask-sheet-lemon-maschera-in-tessuto-emolliente-e-rinfrescante-con-vitamina-c/,beauty,8806334368111
notino,https://www.notino.it/korika/hi-tech-solutions-intensive-hydration-travel-set-kit-da-viaggio-per-unidratazione-intensa-della-pelle/,beauty,8058031971808
notino,https://www.notino.it/drceuracle/hyal-reyouth-crema-idratante-e-protettiva-spf-50/,beauty,8806133615317
notino,https://www.notino.it/risala/blue-bomb-extreme-eau-de-parfum-unisex/,beauty,6294015184204
notino,https://www.notino.it/avon/planet-spa-the-tranquility-ritual-scrub-viso-con-minerali-del-mar-morto/,beauty,2800018440304
notino,https://www.notino.it/arval/ilsole-crema-protettiva-antirughe-6955487/,beauty,8025935115560
notino,https://www.notino.it/yon-ka/nutri-creme-crema-energizzante/,beauty,0832630002280
notino,https://www.notino.it/mad-beauty/the-flinstones-wilma-maschera-in-tessuto-con-effetto-antiossidante/,beauty,5060895836646
notino,https://www.notino.it/skin1004/madagascar-centella-hyalu-cica-sunsational-kit-confezione-regalo-ad-alta-protezione-uv/,beauty,8809913830269
notino,https://www.notino.it/phytorelax-laboratories/blossom-soul-spray-nebulizzato-profumato-per-corpo-e-capelli-da-donna/,beauty,8030976037405
notino,https://www.notino.it/guy-laroche/drakkar-bleu-eau-de-parfum-per-uomo/,beauty,3614274309072
notino,https://www.notino.it/palsar7/galvanic-iron-ferro-da-stiro-galvanizzato-per-collo-e-decollete-7088493/,beauty,8594209100682
notino,https://www.notino.it/lancome/galatee-confort-latte-detergente-per-pelli-secche/,beauty,3147758030211
notino,https://www.notino.it/tom-ford/soleil-neige-spray-corpo-unisex/,beauty,888066179003
notino,https://www.notino.it/mesauda-milano/hydraware-mist-toner-serum-spray-tonificante-per-il-viso/,beauty,8054145397626
notino,https://www.notino.it/sergio-tacchini/ozone-for-man-eau-de-toilette-per-uomo/,beauty,8300186908308
notino,https://www.notino.it/inglot/basic-cipria-trasparente-in-polvere/,beauty,5907587172166
notino,https://www.notino.it/abib/glutathiosome-cc-sunscreen-toning-tube-protezione-solare-dal-finish-colorato-e-texture-leggera-con-effetto-illuminante/,beauty,8800280695932
lookfantastic,https://www.lookfantastic.it/p/yves-saint-laurent-black-opium-glitter-eau-de-parfum-30ml/15789078/,beauty,
lookfantastic,https://www.lookfantastic.it/p/narciso-rodriguez-for-him-bleu-noir-eau-de-parfum-50ml/12127920/,beauty,
lookfantastic,https://www.lookfantastic.it/p/marc-jacobs-daisy-eau-de-toilette-100ml/11079184/,beauty,
lookfantastic,https://www.lookfantastic.it/p/mugler-angel-stellar-eau-de-parfum-100ml/16962132/,beauty,
lookfantastic,https://www.lookfantastic.it/p/maison-margiela-replica-jazz-club-eau-de-toilette-30ml/13183502/,beauty,
lookfantastic,https://www.lookfantastic.it/p/issey-miyake-l-eau-d-issey-igo-eau-de-toilette-80ml/12876173/,beauty,
lookfantastic,https://www.lookfantastic.it/p/viktor-rolf-spicebomb-extreme-eau-de-parfum-90ml/12740403/,beauty,
lookfantastic,https://www.lookfantastic.it/p/prada-l-homme-l-eau-eau-de-toilette-100ml/12271433/,beauty,
lookfantastic,https://www.lookfantastic.it/p/miu-miu-fleur-de-lait-eau-de-parfum-50ml/16962123/,beauty,
lookfantastic,https://www.lookfantastic.it/p/burberry-her-eau-de-parfum-100ml/12044922/,beauty,
lookfantastic,https://www.lookfantastic.it/p/rabanne-million-gold-eau-de-parfum-intense-100ml/16099983/,beauty,
lookfantastic,https://www.lookfantastic.it/p/lancome-la-vie-est-belle-vanille-nude-eau-de-parfum-50ml/16962131/,beauty,
lookfantastic,https://www.lookfantastic.it/p/rabanne-olympea-elixir-eau-de-parfum-intense-80ml/17694649/,beauty,
lookfantastic,https://www.lookfantastic.it/p/elie-saab-girl-of-now-rose-petal-eau-de-parfum-50ml/15354837/,beauty,
lookfantastic,https://www.lookfantastic.it/p/tom-ford-noir-eau-de-parfum-100ml/12018672/,beauty,
lookfantastic,https://www.lookfantastic.it/p/dolce-gabbana-devotion-eau-de-parfum-intense-100ml/15431032/,beauty,
lookfantastic,https://www.lookfantastic.it/p/k-by-dolce-gabbana-eau-de-parfum-50ml/14568053/,beauty,
lookfantastic,https://www.lookfantastic.it/p/issey-miyake-l-eau-d-issey-eau-de-toilette-100ml/11079384/,beauty,
lookfantastic,https://www.lookfantastic.it/p/calvin-klein-ck-in2u-for-women-eau-de-toilette-150ml/11079246/,beauty,
lookfantastic,https://www.lookfantastic.it/p/marc-jacobs-daisy-love-eau-so-sweet-eau-de-toilette-30ml/12026245/,beauty,
lookfantastic,https://www.lookfantastic.it/p/viktor-rolf-flowerbomb-eau-de-parfum-50ml/12740377/,beauty,
lookfantastic,https://www.lookfantastic.it/p/chloe-nomade-eau-de-toilette-50ml/12780690/,beauty,
lookfantastic,https://www.lookfantastic.it/p/issey-miyake-l-eau-d-issey-solar-violet-eau-de-toilette-spray-50ml/15065337/,beauty,
lookfantastic,https://www.lookfantastic.it/p/calvin-klein-beauty-eau-de-parfum-100ml/11079226/,beauty,
lookfantastic,https://www.lookfantastic.it/p/issey-miyake-le-sel-d-issey-eau-de-toilette-100ml/15368029/,beauty,
lookfantastic,https://www.lookfantastic.it/p/tom-ford-lost-cherry-eau-de-parfum-spray-100ml/12709336/,beauty,
lookfantastic,https://www.lookfantastic.it/p/armani-acqua-di-gio-profondo-eau-de-toilette-50ml/16851617/,beauty,
lookfantastic,https://www.lookfantastic.it/p/lancome-la-vie-est-belle-elixir-eau-de-parfum-50ml-gift-set/15837570/,beauty,
lookfantastic,https://www.lookfantastic.it/p/dolce-gabbana-light-blue-pour-homme-capri-in-love-eau-de-parfum-50ml/16507658/,beauty,
lookfantastic,https://www.lookfantastic.it/p/jean-paul-gaultier-le-male-elixir-eau-de-parfum-75ml/14561043/,beauty,
lookfantastic,https://www.lookfantastic.it/p/viktor-rolf-bon-bon-eau-de-parfum-50ml/12740392/,beauty,
lookfantastic,https://www.lookfantastic.it/p/tom-ford-cafe-rose-eau-de-parfum-50ml/14882370/,beauty,
lookfantastic,https://www.lookfantastic.it/p/chloe-l-eau-de-parfum-intense-for-women-50ml/15422270/,beauty,
lookfantastic,https://www.lookfantastic.it/p/maison-margiela-replica-beach-walk-eau-de-toilette-100ml/13183507/,beauty,
lookfantastic,https://www.lookfantastic.it/p/calvin-klein-euphoria-magnetic-elixir-parfum-intense-30ml/17615506/,beauty,
lookfantastic,https://www.lookfantastic.it/p/prada-les-infusions-de-santal-chai-eau-de-parfum-100ml/17684950/,beauty,
lookfantastic,https://www.lookfantastic.it/p/jean-paul-gaultier-classique-eau-de-toilette-50ml/10043924/,beauty,
lookfantastic,https://www.lookfantastic.it/p/calvin-klein-euphoria-bold-elixir-parfum-intense-30ml/17615497/,beauty,
lookfantastic,https://www.lookfantastic.it/p/yves-saint-laurent-libre-intense-eau-de-parfum-90ml/12607161/,beauty,
lookfantastic,https://www.lookfantastic.it/p/tom-ford-eau-de-soleil-blanc-eau-de-toilette-10ml/16497045/,beauty,
lookfantastic,https://www.lookfantastic.it/p/lancome-la-vie-est-belle-eau-de-parfum-refillable-recharge-100ml/13874607/,beauty,
lookfantastic,https://www.lookfantastic.it/p/valentino-vendetta-uomo-eau-de-parfum-90ml/17811079/,beauty,
lookfantastic,https://www.lookfantastic.it/p/burberry-her-london-dream-eau-de-parfum-100ml/12586215/,beauty,
lookfantastic,https://www.lookfantastic.it/p/mugler-angel-nova-eau-de-parfum-refill-bottle-100ml/12737295/,beauty,
lookfantastic,https://www.lookfantastic.it/p/burberry-goddess-parfum-for-women-50ml/17118931/,beauty,
lookfantastic,https://www.lookfantastic.it/p/issey-miyake-a-drop-d-issey-rain-eau-de-parfum-fraiche-90ml/13865039/,beauty,
lookfantastic,https://www.lookfantastic.it/p/burberry-hero-eau-de-parfum-for-men-and-deodorant-duo-gift-set-50ml-75ml/17932861/,beauty,
lookfantastic,https://www.lookfantastic.it/p/armani-stronger-with-you-intensely-eau-de-parfum-spray-100ml/12020417/,beauty,
lookfantastic,https://www.lookfantastic.it/p/maison-margiela-replica-on-a-date-eau-de-toilette-30ml/14217532/,beauty,
lookfantastic,https://www.lookfantastic.it/p/miu-miu-l-eau-de-muguet-eau-de-parfum-100ml/12032364/,beauty,
lookfantastic,https://www.lookfantastic.it/p/tom-ford-f-ing-fabulous-eau-de-parfum-spray-30ml/13956173/,beauty,
lookfantastic,https://www.lookfantastic.it/p/dolce-gabbana-the-one-for-men-parfum-50ml/17632147/,beauty,
lookfantastic,https://www.lookfantastic.it/p/tom-ford-noir-extreme-parfum-50ml/13910719/,beauty,
lookfantastic,https://www.lookfantastic.it/p/hugo-boss-boss-the-scent-magnetic-eau-de-parfum-for-her-50ml/15742048/,beauty,
lookfantastic,https://www.lookfantastic.it/p/tom-ford-bitter-peach-eau-de-parfum-50ml/13133995/,beauty,
lookfantastic,https://www.lookfantastic.it/p/hugo-boss-the-scent-intense-for-her-eau-de-parfum-50ml/17615501/,beauty,
lookfantastic,https://www.lookfantastic.it/p/narciso-rodriguez-for-her-eau-de-parfum-30ml/11194529/,beauty,
lookfantastic,https://www.lookfantastic.it/p/armani-stronger-with-you-amber-eau-de-parfum-100ml/16962113/,beauty,
lookfantastic,https://www.lookfantastic.it/p/paco-rabanne-phantom-parfum-refill-bottle-200ml/14887109/,beauty,
lookfantastic,https://www.lookfantastic.it/p/burberry-hero-parfum-for-men-150ml/15231651/,beauty,
lookfantastic,https://www.lookfantastic.it/p/issey-miyake-l-eau-d-issey-pour-homme-eau-de-toilette-200ml/12263770/,beauty,
lookfantastic,https://www.lookfantastic.it/p/paco-rabanne-invictus-victory-elixir-parfum-intense-100ml/14198998/,beauty,
lookfantastic,https://www.lookfantastic.it/p/armani-si-passione-eau-de-parfum-30ml/11918613/,beauty,
lookfantastic,https://www.lookfantastic.it/p/marc-jacobs-daisy-wild-eau-de-parfum-30ml/15363178/,beauty,
lookfantastic,https://www.lookfantastic.it/p/valentino-born-in-roma-uomo-coral-eau-de-toilette-for-him-100ml/13457825/,beauty,
lookfantastic,https://www.lookfantastic.it/p/carolina-herrera-good-girl-jasmine-absolute-eau-de-parfum-absolute-50-ml/17623724/,beauty,
lookfantastic,https://www.lookfantastic.it/p/chloe-nomade-lumiere-d-egypte-eau-de-parfum-50ml/15780404/,beauty,
lookfantastic,https://www.lookfantastic.it/p/jean-paul-gaultier-la-belle-rosea-eau-de-parfum-50ml/17694641/,beauty,
lookfantastic,https://www.lookfantastic.it/p/giorgio-armani-si-passione-red-bloom-eau-de-parfum-100ml/17683978/,beauty,
lookfantastic,https://www.lookfantastic.it/p/paco-rabanne-invictus-for-him-eau-de-toilette-200ml/13971045/,beauty,
lookfantastic,https://www.lookfantastic.it/p/jean-paulgaultier-divine-eau-de-parfum-intense-100ml/15379013/,beauty,
lookfantastic,https://www.lookfantastic.it/p/tom-ford-tobacco-vanille-eau-de-parfum-spray-50ml/12709323/,beauty,
lookfantastic,https://www.lookfantastic.it/p/dolce-gabbana-light-blue-eau-de-toilette-spray-200ml/16507662/,beauty,
lookfantastic,https://www.lookfantastic.it/p/hugo-boss-the-scent-for-her-eau-de-parfum-30ml/11858174/,beauty,
lookfantastic,https://www.lookfantastic.it/p/dolce-gabbana-q-parfum-spray-100ml/15861496/,beauty,
lookfantastic,https://www.lookfantastic.it/p/tom-ford-costa-azzurra-eau-de-parfum-50ml/12758271/,beauty,
lookfantastic,https://www.lookfantastic.it/p/boss-bottled-beyond-eau-de-parfum-for-him-50ml/17277561/,beauty,
lookfantastic,https://www.lookfantastic.it/p/armani-si-passione-eau-de-parfum-100ml/11918615/,beauty,
lookfantastic,https://www.lookfantastic.it/p/estee-lauder-bronze-goddess-eau-de-parfum-50ml/17660624/,beauty,
lookfantastic,https://www.lookfantastic.it/p/jean-paul-gaultier-la-favorite-eau-de-parfum-30ml/17854040/,beauty,
lookfantastic,https://www.lookfantastic.it/p/emporio-armani-stronger-with-you-spices-eau-de-parfum-100ml/17683987/,beauty,
lookfantastic,https://www.lookfantastic.it/p/miu-miu-eau-bleue-eau-de-parfum-100ml/12032374/,beauty,
lookfantastic,https://www.lookfantastic.it/p/tom-ford-jasmin-rouge-eau-de-parfum-50ml/17785000/,beauty,
lookfantastic,https://www.lookfantastic.it/p/jean-paul-gaultier-gaultier-divine-eau-de-parfum-100ml/14887100/,beauty,
lookfantastic,https://www.lookfantastic.it/p/armani-stronger-with-you-parfum-50ml/15789073/,beauty,
lookfantastic,https://www.lookfantastic.it/p/rabanne-phantom-in-red-parfum-elixir-refillable-150ml/17623785/,beauty,
lookfantastic,https://www.lookfantastic.it/p/hugo-boss-boss-bottled-eau-de-parfum-50ml/12612983/,beauty,
lookfantastic,https://www.lookfantastic.it/p/chloe-rose-naturelle-eau-de-parfum-refillable-100ml/13996130/,beauty,
lookfantastic,https://www.lookfantastic.it/p/tom-ford-tuscan-leather-eau-de-parfum-spray-30ml/13956168/,beauty,
lookfantastic,https://www.lookfantastic.it/p/valentino-born-in-roma-uomo-eau-de-toilette-for-him-50ml/12737231/,beauty,
lookfantastic,https://www.lookfantastic.it/p/narciso-rodriguez-for-her-eau-de-parfum-intense-100ml/15979888/,beauty,
lookfantastic,https://www.lookfantastic.it/p/paco-rabanne-phantom-eau-de-toilette-50ml/13175212/,beauty,
lookfantastic,https://www.lookfantastic.it/p/lancome-idole-power-l-eau-de-parfum-50ml/15837567/,beauty,
lookfantastic,https://www.lookfantastic.it/p/yves-saint-laurent-y-eau-de-parfum-100ml/11866959/,beauty,
lookfantastic,https://www.lookfantastic.it/p/hugo-boss-boss-the-scent-eau-de-parfum-for-her-30ml/15742053/,beauty,
lookfantastic,https://www.lookfantastic.it/p/burberry-hero-eau-de-parfum-for-men-refill-200ml/15231648/,beauty,
lookfantastic,https://www.lookfantastic.it/p/lancaster-365-skin-repair-liposomal-cellular-serum-50ml/16176485/,beauty,
lookfantastic,https://www.lookfantastic.it/p/avene-cicalfate-restorative-protective-cream-for-very-sensitive-skin-100ml/12715477/,beauty,
lookfantastic,https://www.lookfantastic.it/p/ultrasun-tinted-anti-pigmentation-spf50-face-lotion-50ml/12102463/,beauty,
lookfantastic,https://www.lookfantastic.it/p/the-ordinary-aloe-2-nag-2-solution-serum-30ml/14267184/,beauty,
lookfantastic,https://www.lookfantastic.it/p/mario-badescu-gentle-foaming-cleanser-177ml/13631289/,beauty,
lookfantastic,https://www.lookfantastic.it/p/the-inkey-list-beta-hydroxy-acid-serum-30ml/12208003/,beauty,
lookfantastic,https://www.lookfantastic.it/p/lancome-genifique-ultimate-dual-repair-augmented-serum-50ml/15452164/,beauty,
lookfantastic,https://www.lookfantastic.it/p/biossance-squalane-5-niacinamide-brightening-eye-serum-15ml/15843468/,beauty,
lookfantastic,https://www.lookfantastic.it/p/bioderma-cicabio-ultra-repairing-soothing-healing-cream-with-hyaluronic-acid-spf50-40ml/15062332/,beauty,
lookfantastic,https://www.lookfantastic.it/p/espa-optimal-skin-pro-moisturiser-55ml/12595873/,beauty,
lookfantastic,https://www.lookfantastic.it/p/sol-de-janeiro-brazilian-joia-shampoo-conditioner-90ml-travel-duo/16746946/,beauty,
lookfantastic,https://www.lookfantastic.it/p/beauty-of-joseon-green-plum-refreshing-cleanser-200ml/17535647/,beauty,
lookfantastic,https://www.lookfantastic.it/p/christophe-robin-fortifying-scalp-serum-with-amaranth-peptides-50ml/16757034/,beauty,
lookfantastic,https://www.lookfantastic.it/p/eucerin-urearepair-rich-replenishing-face-cream-with-5-urea-50ml/11115977/,beauty,
lookfantastic,https://www.lookfantastic.it/p/nars-radiant-creamy-concealer-brush/12645415/,beauty,
lookfantastic,https://www.lookfantastic.it/p/clinique-clinique-moisturizing-lotion-for-men-0/10921700/,beauty,
lookfantastic,https://www.lookfantastic.it/p/bondi-sands-spf-50-everyday-body-lotion-150ml/16992318/,beauty,
lookfantastic,https://www.lookfantastic.it/p/elizabeth-arden-retinol-ceramide-line-erasing-eye-cream-15ml/13306194/,beauty,
lookfantastic,https://www.lookfantastic.it/p/the-ordinary-multi-peptide-lash-and-brow-serum-5ml/13798509/,beauty,
lookfantastic,https://www.lookfantastic.it/p/lancaster-sun-sensitive-oil-free-face-sun-protection-cream-spf50-50ml/12874456/,beauty,
lookfantastic,https://www.lookfantastic.it/p/as-i-am-jamaican-black-castor-oil-moisturizing-masque/12520620/,beauty,
lookfantastic,https://www.lookfantastic.it/p/bioderma-hydrabio-skin-perfecteur-spf30-72h-moisturising-radiance-cream-40ml/17707226/,beauty,
lookfantastic,https://www.lookfantastic.it/p/anua-kpop-demon-hunters-zero-cast-moisturising-finish-spf50-sunscreen-50ml/17751136/,beauty,
lookfantastic,https://www.lookfantastic.it/p/foreo-supercharged-firming-body-serum-100ml/15143925/,beauty,
lookfantastic,https://www.lookfantastic.it/p/la-roche-posay-anthelios-uvair-serum-sunscreen-spf50-medium-with-hyaluronic-acid-niacinamide-vitamin-e-for-all-skin-types-50ml/17642582/,beauty,
lookfantastic,https://www.lookfantastic.it/p/the-ordinary-multi-antioxidant-radiance-serum-30ml/16046133/,beauty,
lookfantastic,https://www.lookfantastic.it/p/sol-de-janeiro-brazilian-bum-bum-cream-240ml/13297945/,beauty,
lookfantastic,https://www.lookfantastic.it/p/cerave-small-moisturising-duo/12526334/,beauty,
lookfantastic,https://www.lookfantastic.it/p/elizabeth-arden-eight-hour-hydraplay-moisturizer-45ml-and-skin-protectant-50ml/15643597/,beauty,
lookfantastic,https://www.lookfantastic.it/p/ouai-scalp-serum-60ml/13735786/,beauty,
lookfantastic,https://www.lookfantastic.it/p/garnier-wonder-tint-spf50-medium-50ml/17643645/,beauty,
lookfantastic,https://www.lookfantastic.it/p/biodance-refreshing-sea-kelp-serum-30ml/17710621/,beauty,
lookfantastic,https://www.lookfantastic.it/p/nioxin-night-density-rescue-serum-thickening-serum-for-optimised-hair-growth-70ml/15458907/,beauty,
lookfantastic,https://www.lookfantastic.it/p/la-roche-posay-hyalu-b5-eye-serum-for-dehydrated-eyes-showing-signs-of-ageing-15ml/14239223/,beauty,
lookfantastic,https://www.lookfantastic.it/p/the-ordinary-s-multi-peptide-serum-for-hair-density-and-scalp-support-60ml/11841280/,beauty,
lookfantastic,https://www.lookfantastic.it/p/bondi-sands-spf-50-lip-balm-tropical-mango-10g/12715799/,beauty,
lookfantastic,https://www.lookfantastic.it/p/estee-lauder-revitalising-supreme-night-power-bounce-cream-refill-75ml/16297947/,beauty,
lookfantastic,https://www.lookfantastic.it/p/vichy-liftactiv-collagen-specialist-eye-care-cream-15ml/15066461/,beauty,
lookfantastic,https://www.lookfantastic.it/p/l-oreal-paris-elvive-glycolic-gloss-leave-in-serum-for-dull-hair-150ml/14974884/,beauty,
lookfantastic,https://www.lookfantastic.it/p/bioderma-photoderm-anti-pigmentation-and-ti-wrinkles-sunscreen-spf50-40ml/12867530/,beauty,
lookfantastic,https://www.lookfantastic.it/p/ameliorate-clarifying-facial-cream-100ml/15232454/,beauty,
lookfantastic,https://www.lookfantastic.it/p/l-oreal-paris-hydration-heroes-face-and-eye-serum-duo-with-hyaluronic-acid-and-caffeine/14018732/,beauty,
lookfantastic,https://www.lookfantastic.it/p/eucerin-sun-pigment-control-spf50-duo-2-x-50ml/17656416/,beauty,
lookfantastic,https://www.lookfantastic.it/p/ameliorate-clarifying-facial-cleanser-200ml/15232450/,beauty,
lookfantastic,https://www.lookfantastic.it/p/emma-hardie-lotus-flower-treatment-serum-30ml/13761932/,beauty,
lookfantastic,https://www.lookfantastic.it/p/estee-lauder-re-nutriv-ultimate-diamond-transformative-brilliance-serum-refill-30ml/13496546/,beauty,
lookfantastic,https://www.lookfantastic.it/p/nip-fab-ceramide-fix-serum-12-50ml/14845481/,beauty,
lookfantastic,https://www.lookfantastic.it/p/garnier-micellar-water-oil-infused-facial-cleanser-and-makeup-remover-400ml/11299916/,beauty,
lookfantastic,https://www.lookfantastic.it/p/l-oreal-paris-revitalift-laser-age-correcting-routine-bundle-with-tri-peptides-serum-30ml-day-moisturiser-50ml/16482160/,beauty,
lookfantastic,https://www.lookfantastic.it/p/mugler-angel-perfuming-body-cream-200ml/11079470/,beauty,
lookfantastic,https://www.lookfantastic.it/p/mac-brush-cleanser-235ml/11472022/,beauty,
lookfantastic,https://www.lookfantastic.it/p/eucerin-anti-pigment-spf30-day-cream-50ml/12034025/,beauty,
lookfantastic,https://www.lookfantastic.it/p/kiko-milano-sun-protection-body-spf-30-150ml/15427403/,beauty,
lookfantastic,https://www.lookfantastic.it/p/eve-lom-moisture-cream-50ml/12061601/,beauty,
lookfantastic,https://www.lookfantastic.it/p/tocobo-multi-ceramide-cream-50ml/16858581/,beauty,
lookfantastic,https://www.lookfantastic.it/p/avene-ultra-fluid-invisible-spf50-50ml/15805171/,beauty,
lookfantastic,https://www.lookfantastic.it/p/the-ordinary-multi-peptide-ha-serum-30ml/13955445/,beauty,
lookfantastic,https://www.lookfantastic.it/p/dr.-barbara-sturm-glow-cream-50ml/15300781/,beauty,
lookfantastic,https://www.lookfantastic.it/p/estee-lauder-daywear-multi-protection-24h-moisturiser-creme-spf15-for-normal-combination-skin-50ml/11141582/,beauty,
lookfantastic,https://www.lookfantastic.it/p/first-aid-beauty-coconut-skin-smoothie-priming-moisturiser-50ml/13658297/,beauty,
lookfantastic,https://www.lookfantastic.it/p/la-roche-posay-effaclar-serum-and-effaclar-duo-plus/13651972/,beauty,
lookfantastic,https://www.lookfantastic.it/p/avene-redness-expert-soothing-moisturizing-concentrated-cream-for-redness-prone-skin-30ml/15299452/,beauty,
lookfantastic,https://www.lookfantastic.it/p/garnier-ambre-solaire-spf-50-super-uv-invisible-face-serum-30ml/14272323/,beauty,
lookfantastic,https://www.lookfantastic.it/p/espa-hydrate-and-brighten-daily-skin-shield-spf-50-cream-50ml/14921626/,beauty,
lookfantastic,https://www.lookfantastic.it/p/bobbi-brown-spf15-nude-finish-tinted-moisturiser-rich-12ml/12756576/,beauty,
lookfantastic,https://www.lookfantastic.it/p/kerastase-premiere-anti-frizz-reparative-filler-serum-90ml/15056952/,beauty,
lookfantastic,https://www.lookfantastic.it/p/kerastase-chronologiste-restorative-overnight-hair-serum-90ml/17631511/,beauty,
lookfantastic,https://www.lookfantastic.it/p/anua-kpop-demon-hunters-niacinamide-10-txa-4-serum-50ml/17751134/,beauty,
lookfantastic,https://www.lookfantastic.it/p/clinique-for-men-anti-age-eye-cream-15ml/10366374/,beauty,
lookfantastic,https://www.lookfantastic.it/p/kerastase-resistance-therepiste-serum-duo-30ml/11535306/,beauty,
lookfantastic,https://www.lookfantastic.it/p/kiehl-s-ultra-body-mega-moisture-squalane-cream-250ml/15813750/,beauty,
lookfantastic,https://www.lookfantastic.it/p/garnier-pure-active-salicylic-7-day-clinical-anti-blemish-serum-reduces-blemishes-30ml/17643646/,beauty,
lookfantastic,https://www.lookfantastic.it/p/by-terry-hyaluronic-global-face-cream-50ml/12871271/,beauty,
lookfantastic,https://www.lookfantastic.it/p/kerastase-nutritive-8h-magic-night-hair-serum-for-dry-hair-30ml/16674886/,beauty,
lookfantastic,https://www.lookfantastic.it/p/lancome-genifique-ultimate-dual-repair-augmented-serum-50ml-refill/15452166/,beauty,
lookfantastic,https://www.lookfantastic.it/p/estee-lauder-re-nutriv-ultimate-diamond-transformative-energy-eye-serum-15ml/13449434/,beauty,
lookfantastic,https://www.lookfantastic.it/p/briogeo-curl-charisma-rice-amino-and-avocado-hydrating-shampoo-236ml/13643800/,beauty,
lookfantastic,https://www.lookfantastic.it/p/ultrasun-spf50-tinted-face-fluid-40ml/13035098/,beauty,
lookfantastic,https://www.lookfantastic.it/p/mac-hyper-real-serumizertm-skin-balancing-hydration-serum-30ml/14194687/,beauty,
lookfantastic,https://www.lookfantastic.it/p/cantu-shea-butter-daily-oil-moisturizer-384ml/12042582/,beauty,
lookfantastic,https://www.lookfantastic.it/p/lancome-renergie-spf-20-cream-50ml/14233685/,beauty,
lookfantastic,https://www.lookfantastic.it/p/lancome-absolue-longevity-md-reset-the-serum-50ml/17783521/,beauty,
lookfantastic,https://www.lookfantastic.it/p/cerave-skin-renewing-retinol-serum-30ml/17642579/,beauty,
lookfantastic,https://www.lookfantastic.it/p/vichy-capital-soleil-uv-age-daily-spf-50-invisible-sun-cream-with-niacinamide-40ml/12867789/,beauty,
lookfantastic,https://www.lookfantastic.it/p/l-oreal-professionnel-metal-detox-shampoo-masque-and-leave-in-cream-bundle/14703828/,beauty,
lookfantastic,https://www.lookfantastic.it/p/joonbyrd-daydreamer-body-serum-mini-15ml/16583164/,beauty,
lookfantastic,https://www.lookfantastic.it/p/elizabeth-arden-vitamin-c-ceramide-radiance-renewal-serum-60-capsules/12270465/,beauty,
lookfantastic,https://www.lookfantastic.it/p/foreo-supercharged-serum-serum-serum-2.0-30ml/14844183/,beauty,
lookfantastic,https://www.lookfantastic.it/p/la-roche-posay-effaclar-duo-spf30-with-niacinamide-40ml/11434756/,beauty,
lookfantastic,https://www.lookfantastic.it/p/innisfree-gentle-retinol-salicylic-acne-serum-30ml/16019210/,beauty,
lookfantastic,https://www.lookfantastic.it/p/tom-ford-black-orchid-reserve-eau-de-parfum-50ml/17124498/,beauty,
lookfantastic,https://www.lookfantastic.it/p/mac-heroes-bundle-macximal-matte-lipstick-macstack-mascara-and-mineralize-skinfinish-powder/16445038/,beauty,
lookfantastic,https://www.lookfantastic.it/p/diego-dalla-palma-refill-system-lipstick-nude-case-nude/14300870/,beauty,
lookfantastic,https://www.lookfantastic.it/p/kiko-milano-maxi-mod-volume-definition-mascara-12ml/15006851/,beauty,
lookfantastic,https://www.lookfantastic.it/p/urban-decay-perversion-waterproof-mascara/12105658/,beauty,
lookfantastic,https://www.lookfantastic.it/p/armani-eyes-to-kill-classico-mascara/11918989/,beauty,
lookfantastic,https://www.lookfantastic.it/p/rimmel-london-wonder-extension-mascara/13082603/,beauty,
lookfantastic,https://www.lookfantastic.it/p/maybelline-eraser-eye-concealer-light-x-3/11938015/,beauty,
lookfantastic,https://www.lookfantastic.it/p/clinique-high-impact-high-fi-full-volume-mascara-black-10ml/14845583/,beauty,
lookfantastic,https://www.lookfantastic.it/p/tom-ford-neroli-portofino-eau-de-parfum-spray-30ml/13956167/,beauty,
lookfantastic,https://www.lookfantastic.it/p/kerastase-chroma-absolu-bain-chroma-respect-shampoo-250ml/13459820/,beauty,
lookfantastic,https://www.lookfantastic.it/p/estee-lauder-turbo-lash-high-powered-volume-and-length-mascara-black-8ml/14573844/,beauty,
lookfantastic,https://www.lookfantastic.it/p/lancome-definicils-mascara-01-noir-infini/10043758/,beauty,
lookfantastic,https://www.lookfantastic.it/p/kiko-milano-maxi-mod-waterproof-mascara-12ml/15006831/,beauty,
lookfantastic,https://www.lookfantastic.it/p/bareminerals-original-liquid-mineral-concealer-6ml/12776345/,beauty,
lookfantastic,https://www.lookfantastic.it/p/pixi-h2o-skintint-3-warm-35ml-foundation/10903402/,beauty,
lookfantastic,https://www.lookfantastic.it/p/l-oreal-castor-oil-enriched-paradise-volumising-mascara-black-6.4ml/11708612/,beauty,
lookfantastic,https://www.lookfantastic.it/p/elemis-pro-collagen-rose-micro-serum-30ml/14764309/,beauty,
lookfantastic,https://www.lookfantastic.it/p/urban-decay-peversion-vegan-mascara-12ml/17456648/,beauty,
lookfantastic,https://www.lookfantastic.it/p/nioxin-scalp-and-hair-thickening-system-1-shampoo-for-natural-hair-with-light-thinning-300ml/15458908/,beauty,
lookfantastic,https://www.lookfantastic.it/p/bareminerals-strength-length-serum-infused-mascara/12701675/,beauty,
lookfantastic,https://www.lookfantastic.it/p/max-factor-false-lash-effect-mascara-raven-black-13.1ml/12408250/,beauty,
lookfantastic,https://www.lookfantastic.it/p/rimmel-sculpting-highlighter-palette-002-18.5g/11239292/,beauty,
lookfantastic,https://www.lookfantastic.it/p/eucerin-dermopure-clinical-triple-action-serum-40ml/16971296/,beauty,
lookfantastic,https://www.lookfantastic.it/p/clinique-high-impact-high-fi-full-volume-waterproof-mascara-intense-black-10ml/17768043/,beauty,
lookfantastic,https://www.lookfantastic.it/p/bobbi-brown-eye-opening-mascara-black-12ml/11511569/,beauty,
lookfantastic,https://www.lookfantastic.it/p/natasha-denona-mini-rose-palette/15396799/,beauty,
lookfantastic,https://www.lookfantastic.it/p/ysl-lash-clash-extreme-volume-mascara-brown-8ml/14217548/,beauty,
lookfantastic,https://www.lookfantastic.it/p/l-oreal-professionnel-serie-expert-pro-longer-shampoo-300ml/12504613/,beauty,
lookfantastic,https://www.lookfantastic.it/p/olaplex-no.-6-bond-smoother-frizz-control-styling-hair-cream-100ml/13601976/,beauty,
lookfantastic,https://www.lookfantastic.it/p/goldwell-dualsenses-ultra-volume-bodifying-conditioner-200ml/11522609/,beauty,
lookfantastic,https://www.lookfantastic.it/p/estee-lauder-double-wear-zero-smudge-lengthening-mascara-black-6ml/14582447/,beauty,
lookfantastic,https://www.lookfantastic.it/p/iconic-london-triple-threat-mascara-duo/15597944/,beauty,
lookfantastic,https://www.lookfantastic.it/p/lancome-mr.-big-waterproof-mascara-black-10ml/11765720/,beauty,
lookfantastic,https://www.lookfantastic.it/p/lancome-hypnose-waterproof-mascara-001-black-6.2g/11765732/,beauty,
lookfantastic,https://www.lookfantastic.it/p/elizabeth-arden-eight-hour-cream-intensive-moisturizing-hand-treatment-30ml/11189272/,beauty,
lookfantastic,https://www.lookfantastic.it/p/-l-oreal-paris-telescopic-mascara-duo-bundle-black/14000945/,beauty,
lookfantastic,https://www.lookfantastic.it/p/max-factor-false-lash-effect-mascara-black-brown/11998192/,beauty,
lookfantastic,https://www.lookfantastic.it/p/tom-ford-oud-minerale-eau-de-parfum-10ml/16162624/,beauty,
lookfantastic,https://www.lookfantastic.it/p/wella-professionals-ultimate-smooth-shampoo-and-conditioner-bundle/16646975/,beauty,
lookfantastic,https://www.lookfantastic.it/p/yves-saint-laurent-lash-clash-extreme-volume-mascara-travel-3ml-black/17047956/,beauty,
lookfantastic,https://www.lookfantastic.it/p/kiko-milano-30-days-extension-daily-treatment-mascara-8ml/15006850/,beauty,
lookfantastic,https://www.lookfantastic.it/p/kerastase-specifique-dermo-calm-bain-vital-shampoo-250ml-duo/11535342/,beauty,
lookfantastic,https://www.lookfantastic.it/p/l-oreal-paris-telescopic-extensionist-mascara-bundle/17924954/,beauty,
lookfantastic,https://www.lookfantastic.it/p/lancome-lash-idole-mascara-brown-8ml/15447903/,beauty,
lookfantastic,https://www.lookfantastic.it/p/prada-dimensions-eyeshadow-palette-04-poetry/15395465/,beauty,
lookfantastic,https://www.lookfantastic.it/p/lancome-hypnose-drama-eyeshadow-palette-r19/15365302/,beauty,
lookfantastic,https://www.lookfantastic.it/p/joico-blonde-life-brightening-conditioner-1000ml/12377753/,beauty,
lookfantastic,https://www.lookfantastic.it/p/prada-dimensions-refillable-eyeshadow-palette-02-profusion/15395423/,beauty,
lookfantastic,https://www.lookfantastic.it/p/yves-saint-laurent-libre-eau-de-parfum-100ml-refill/14991044/,beauty,
lookfantastic,https://www.lookfantastic.it/p/rimmel-stay-matte-pressed-powder-and-wonder-extension-mascara-bundle/13419185/,beauty,
lookfantastic,https://www.lookfantastic.it/p/lancome-hypnose-drama-mascara-01-black-6.2ml/15293954/,beauty,
lookfantastic,https://www.lookfantastic.it/p/lancome-lash-idole-travel-size-mascara-black-5ml/13528186/,beauty,
lookfantastic,https://www.lookfantastic.it/p/wella-professionals-care-invigo-scalp-balance-anti-dandruff-shampoo-300ml/14910148/,beauty,
lookfantastic,https://www.lookfantastic.it/p/ysl-black-opium-pink-glaze-eau-de-parfum-30ml/17811073/,beauty,
lookfantastic,https://www.lookfantastic.it/p/wella-professionals-care-ultimate-repair-shampoo-and-conditioner-bundle/15407836/,beauty,
lookfantastic,https://www.lookfantastic.it/p/aveda-cherry-almond-softening-shampoo-conditioner-bundle/12055402/,beauty,
lookfantastic,https://www.lookfantastic.it/p/kerastase-specifique-potentialiste-hair-serum-90ml/13193431/,beauty,
lookfantastic,https://www.lookfantastic.it/p/redken-acidic-bonding-concentrate-bond-repair-conditioner-300ml/12851008/,beauty,
lookfantastic,https://www.lookfantastic.it/p/living-proof-perfect-hair-day-shampoo-and-conditioner-bundle-for-hydration-softness-and-shine/16431984/,beauty,
lookfantastic,https://www.lookfantastic.it/p/olaplex-no.4-fine-bond-maintenance-shampoo-100ml/16367505/,beauty,
lookfantastic,https://www.lookfantastic.it/p/umberto-giannini-banana-butter-nourishing-superfood-shampoo-250ml/12908828/,beauty,
lookfantastic,https://www.lookfantastic.it/p/coco-eve-super-hydrating-shampoo-and-conditioner-duo/16793680/,beauty,
lookfantastic,https://www.lookfantastic.it/p/bumble-and-bumble-bond-building-repair-shampoo-60ml/12796939/,beauty,
lookfantastic,https://www.lookfantastic.it/p/aveda-men-pure-formance-shampoo-300ml/10540769/,beauty,
lookfantastic,https://www.lookfantastic.it/p/kms-thermashape-hot-flex-heat-protection-and-styling-spray-for-all-hair-types-200ml/11431717/,beauty,
lookfantastic,https://www.lookfantastic.it/p/as-i-am-rosemary-strength-grow-shampoo-conditioner-duo/17976165/,beauty,
lookfantastic,https://www.lookfantastic.it/p/giovanni-smooth-as-silk-conditioner-250ml/11353562/,beauty,
lookfantastic,https://www.lookfantastic.it/p/bumble-and-bumble-curl-conditioner-60ml/12878218/,beauty,
lookfantastic,https://www.lookfantastic.it/p/l-oreal-professionnel-serie-expert-absolut-repair-molecular-shampoo-300ml/14817085/,beauty,
lookfantastic,https://www.lookfantastic.it/p/vichy-dercos-anti-dandruff-shampoo-for-sensitive-scalps-200ml/11091705/,beauty,
lookfantastic,https://www.lookfantastic.it/p/kerastase-gloss-absolu-shampoo-with-glycolic-acid-hyaluronic-acid-and-wild-rose-in-oil-250ml/15802973/,beauty,
lookfantastic,https://www.lookfantastic.it/p/l-oreal-professionnel-serie-expert-metal-detox-shampoo-300ml/13043382/,beauty,
lookfantastic,https://www.lookfantastic.it/p/rahua-rahua-classic-shampoo-and-conditioner-sachet-12ml/13643056/,beauty,
lookfantastic,https://www.lookfantastic.it/p/nioxin-scalp-and-hair-thickening-system-2-conditioner-for-natural-hair-with-progressed-thinning-1l/15458909/,beauty,
lookfantastic,https://www.lookfantastic.it/p/umberto-giannini-scalp-restore-scalp-reviving-balancing-shampoo-250ml/12706629/,beauty,
lookfantastic,https://www.lookfantastic.it/p/shea-moisture-manuka-honey-yogurt-hydrate-repair-shampoo-384ml/12206174/,beauty,
lookfantastic,https://www.lookfantastic.it/p/as-i-am-dry-itchy-scalp-care-olive-and-tea-trea-oil-shampoo-conditoner-355ml/16746928/,beauty,
lookfantastic,https://www.lookfantastic.it/p/shu-uemura-ashita-supreme-intense-revitalisation-conditioner-for-all-hair-types-with-ashitaba-extracts-250ml/16774258/,beauty,
lookfantastic,https://www.lookfantastic.it/p/brushworks-satin-hair-bow-duo-red-and-black/15436126/,beauty,
lookfantastic,https://www.lookfantastic.it/p/christophe-robin-pre-curved-blowdry-hairbrush-with-natural-boar-bristle-and-wood-12-rows/13108475/,beauty,
lookfantastic,https://www.lookfantastic.it/p/goldwell-dualsenses-bondpro-ultimate-hair-bond-boosting-routine/15062681/,beauty,
lookfantastic,https://www.lookfantastic.it/p/bumble-and-bumble-curl-3-in-1-conditioner-200ml/12613228/,beauty,
lookfantastic,https://www.lookfantastic.it/p/vichy-liftactiv-h.a-epidermic-filler-smoothing-1.5-hyaluronic-acid-serum-30ml/12667342/,beauty,
lookfantastic,https://www.lookfantastic.it/p/wella-professionals-care-eimi-mistify-me-strong-hair-spray-300ml/11814687/,beauty,
lookfantastic,https://www.lookfantastic.it/p/ouai-thick-shampoo-with-pump-jumbo-size/17663018/,beauty,
lookfantastic,https://www.lookfantastic.it/p/kerastase-blond-absolu-shampoo-conditioner-and-treatment-hair-routine-for-lightened-or-highlighted-hair/14535555/,beauty,
tigota,https://www.tigota.it/p/karl-lagerfeld-fleur-de-pivoine-eau-de-parfum-donna-50ml-147487,beauty,
tigota,https://www.tigota.it/p/metafora-metafora-elegante-eau-de-parfum-donna-100ml-386448,beauty,
tigota,https://www.tigota.it/p/metafora-metafora-deliziosa-eau-de-parfum-donna-30ml-397356,beauty,
tigota,https://www.tigota.it/p/metafora-sensuale-eau-de-parfum-donna-100ml-397008,beauty,
tigota,https://www.tigota.it/p/ferragamo-ferragamo-signorina-romantica-eau-de-parfum-donna-50ml-225554,beauty,
tigota,https://www.tigota.it/p/ferragamo-ferragamo-libera-eau-de-parfum-donna-50ml-147613,beauty,
tigota,https://www.tigota.it/p/metafora-metafora-elegante-eau-de-parfum-donna-30ml-397359,beauty,
tigota,https://www.tigota.it/p/karl-lagerfeld-fleur-de-murier-eau-de-parfum-donna-50ml-839341,beauty,
tigota,https://www.tigota.it/p/metafora-metafora-deliziosa-eau-de-parfum-donna-100ml-848508,beauty,
tigota,https://www.tigota.it/p/ferragamo-signorina-unica-eau-de-parfum-donna-50ml-201008,beauty,
tigota,https://www.tigota.it/p/karl-lagerfeld-karl-lagerfeld-fleaur-diris-eau-de-parfum-donna-ml50-205734,beauty,
tigota,https://www.tigota.it/p/ferragamo-signorina-eau-de-parfum-50ml-392964,beauty,
tigota,https://www.tigota.it/p/karl-lagerfeld-karl-lagerfeld-fleur-de-vanille-eau-de-parfum-donna-50ml-225556,beauty,
tigota,https://www.tigota.it/p/pacorabanne-lady-million-eau-de-parfum-donna-30ml-750585,beauty,
tigota,https://www.tigota.it/p/karl-lagerfeld-fleur-de-pecher-eau-de-parfum-donna-50ml-832044,beauty,
tigota,https://www.tigota.it/p/metafora-gioiosa-eau-de-parfum-donna-30ml-397357,beauty,
tigota,https://www.tigota.it/p/police-police-to-be-hyperverse-eau-de-parfum-donna-75ml-209907,beauty,
tigota,https://www.tigota.it/p/ferragamo-signorina-misteriosa-eau-de-parfum-donna-50ml-821470,beauty,
tigota,https://www.tigota.it/p/calvin-klein-ck-eternity-aromatic-essence-parfum-donna-30ml-222746,beauty,
tigota,https://www.tigota.it/p/metafora-metafora-gioiosa-eau-de-parfum-donna-100ml-848509,beauty,
tigota,https://www.tigota.it/p/metafora-sensuale-eau-de-parfum-donna-30ml-397361,beauty,
tigota,https://www.tigota.it/p/karl-lagerfeld-fleur-de-theeau-de-parfum-donna-50ml-392040,beauty,
tigota,https://www.tigota.it/p/hugoboss-boss-alive-eau-de-parfum-30ml-223544,beauty,
tigota,https://www.tigota.it/p/cavalli-cavalli-paradiso-eau-de-parfum-donna-75ml-749298,beauty,
tigota,https://www.tigota.it/p/trussardi-trussardi-donna-pink-eau-de-toilette-30ml-390550,beauty,
tigota,https://www.tigota.it/p/iceberg-iceberg-twice-platinum-eau-de-toilette-donna-125ml-147584,beauty,
tigota,https://www.tigota.it/p/ashley-vanilla-eau-de-toilette-donna-50ml-794500,beauty,
tigota,https://www.tigota.it/p/arrogance-arrogance-femme-eau-de-toilette-30ml-751120,beauty,
tigota,https://www.tigota.it/p/cavalli-cavalli-just-her-new-eau-de-toilette-50ml-749111,beauty,
tigota,https://www.tigota.it/p/laura-biagiotti-romamor-donna-eau-de-toilette-50ml-840199,beauty,
tigota,https://www.tigota.it/p/aquolina-pink-sugar-eau-de-toilette-30ml-757004,beauty,
tigota,https://www.tigota.it/p/guess-guess-amore-venezia-eau-de-toilette-donna-100ml-201002,beauty,
tigota,https://www.tigota.it/p/dolcegabbana-dg-3-limperatrice-donna-eau-de-toilette-50ml-849329,beauty,
tigota,https://www.tigota.it/p/davidoff-cool-water-eau-de-toilette-donna-50ml-757728,beauty,
tigota,https://www.tigota.it/p/cavalli-cavalli-just-her-new-eau-de-toilette-30ml-749110,beauty,
tigota,https://www.tigota.it/p/dolcegabbana-dg-3-limperatrice-donna-eau-de-toilette-100-756151,beauty,
tigota,https://www.tigota.it/p/jean-paul-gaultier-classique-eau-de-toilette-donna-50ml-771203,beauty,
tigota,https://www.tigota.it/p/liu-jo-liu-jo-silkway-eau-de-toilette-donna-100ml-144856,beauty,
tigota,https://www.tigota.it/p/ysl-ysl-opium-eau-de-toilette-donna-50ml-756909,beauty,
tigota,https://www.tigota.it/p/jean-paul-gaultier-classique-eau-de-toilette-donna-100ml-771205,beauty,
tigota,https://www.tigota.it/p/fruit-attraction-bergamotto-eau-de-toilette-donna-100ml-845892,beauty,
tigota,https://www.tigota.it/p/guess-guess-seductive-eau-de-toilette-donna-30ml-757278,beauty,
tigota,https://www.tigota.it/p/ashley-alyssa-ashley-white-musk-eau-de-toilette-donna-m50-794511,beauty,
tigota,https://www.tigota.it/p/vanderbilt-vanderbilt-eau-de-toilette-donna-100ml-756829,beauty,
tigota,https://www.tigota.it/p/gocce-di-napoleon-gocce-eau-de-toilette-donna-100ml-767653,beauty,
tigota,https://www.tigota.it/p/laura-biagiotti-roma-eau-de-toilette-donna-ml-50-783660,beauty,
tigota,https://www.tigota.it/p/moschino-moschino-cheapchic-love-eau-de-toilette-50ml-743706,beauty,
tigota,https://www.tigota.it/p/fila-fila-f-identity-eau-de-toilette-donna-90ml-203739,beauty,
tigota,https://www.tigota.it/p/metafora-metafora-intenso-eau-de-parfum-uomo-100ml-848510,beauty,
tigota,https://www.tigota.it/p/metafora-impavido-eau-de-parfum-100ml-200554,beauty,
tigota,https://www.tigota.it/p/david-beckham-bold-instinct-eau-de-parfum-uomo-50ml-221697,beauty,
tigota,https://www.tigota.it/p/metafora-intenso-eau-de-parfum-uomo-30ml-397358,beauty,
tigota,https://www.tigota.it/p/metafora-impavido-eau-de-parfum-uomo-30ml-200553,beauty,
tigota,https://www.tigota.it/p/david-beckham-instinct-eau-de-parfum-uomo-50ml-221695,beauty,
tigota,https://www.tigota.it/p/metafora-metafora-fiero-eau-de-parfum-uomo-ml100-386449,beauty,
tigota,https://www.tigota.it/p/saphir-saphir-boxes-eau-de-parfum-uomo-50ml-389625,beauty,
tigota,https://www.tigota.it/p/saphir-saphir-the-fighter-eau-de-parfum-uomo-50ml-144928,beauty,
tigota,https://www.tigota.it/p/calvin-klein-ck-eternity-aromatic-essence-parfum-uomo-50ml-222749,beauty,
tigota,https://www.tigota.it/p/saphir-saphir-my-identity-eau-de-parfum-uomo-50ml-200217,beauty,
tigota,https://www.tigota.it/p/arrogance-mineral-black-eau-de-parfum-uomo-50ml-202774,beauty,
tigota,https://www.tigota.it/p/cavalli-cavalli-uomo-parfum-ml100-206076,beauty,
tigota,https://www.tigota.it/p/hugoboss-boss-bottled-striking-lavender-eau-de-parfum-uomo-50ml-229689,beauty,
tigota,https://www.tigota.it/p/saphir-saphir-affaire-eau-de-parfum-uomo-50ml-848791,beauty,
tigota,https://www.tigota.it/p/ysl-ysl-y-eau-de-parfum-uomo-60ml-142923,beauty,
tigota,https://www.tigota.it/p/versace-versace-eros-flame-eau-de-parfum-uomo-30ml-197164,beauty,
tigota,https://www.tigota.it/p/armani-acqua-di-gio-eau-de-parfum-uomo-50ml-200765,beauty,
tigota,https://www.tigota.it/p/hugoboss-hugo-boss-bottled-eau-de-parfum-uomo-100ml-204702,beauty,
tigota,https://www.tigota.it/p/lattafa-aaz-qaed-al-fursan-eau-de-parfum-uomo-ml50-225488,beauty,
tigota,https://www.tigota.it/p/davidoff-cool-water-parfum-uomo-50ml-390361,beauty,
tigota,https://www.tigota.it/p/pepe-jeans-pepe-jeans-bold-eau-de-parfum-uomo-100ml-147489,beauty,
tigota,https://www.tigota.it/p/arrogance-arrogance-uomo-anniversary-eau-de-parfum-50ml-202791,beauty,
tigota,https://www.tigota.it/p/lattafa-lattafa-asad-bourbon-eau-de-parfum-uomo-m100-206517,beauty,
tigota,https://www.tigota.it/p/police-police-to-be-hyperverse-eau-de-toilette-uomo-75ml-209903,beauty,
tigota,https://www.tigota.it/p/iceberg-iceberg-twice-cyan-eau-de-toilette-uomo-125ml-208911,beauty,
tigota,https://www.tigota.it/p/karl-lagerfeld-bois-de-yuzu-eau-de-toilette-uomo-50ml-839343,beauty,
tigota,https://www.tigota.it/p/karl-lagerfeld-karl-lagerfeld-bois-de-oud-eau-de-toilette-uomo-50ml-225559,beauty,
tigota,https://www.tigota.it/p/karl-lagerfeld-bois-de-cypres-eau-de-toilette-uomo-50ml-147484,beauty,
tigota,https://www.tigota.it/p/fila-fila-f-identity-eau-de-toilette-uomo-90ml-203738,beauty,
tigota,https://www.tigota.it/p/iceberg-twice-nero-eau-de-toilette-uomo-125ml-398216,beauty,
tigota,https://www.tigota.it/p/david-beckham-david-beckham-classic-blue-eau-de-toilette-uomo-50ml-144399,beauty,
tigota,https://www.tigota.it/p/victor-victor-eau-de-toilette-uomo-100ml-142900,beauty,
tigota,https://www.tigota.it/p/juventus-juventus-eau-de-toilette-uomo-100ml-844067,beauty,
tigota,https://www.tigota.it/p/karl-lagerfeld-bois-de-vetiver-eau-de-toilette-uomo-50ml-832046,beauty,
tigota,https://www.tigota.it/p/ducati-ducati-sport-eau-de-toilette-uomo-50ml-147081,beauty,
tigota,https://www.tigota.it/p/karl-lagerfeld-bois-dambre-eau-de-toilette-uomo-50ml-392043,beauty,
tigota,https://www.tigota.it/p/ducati-ducati-1926-eau-de-toilette-uomo-50ml-837653,beauty,
tigota,https://www.tigota.it/p/lamborghini-tonino-lamborghini-eau-de-toilette-uomo-ml125-845269,beauty,
tigota,https://www.tigota.it/p/lamborghini-lamborghini-prestigio-eau-de-toilette-uomo-125ml-845267,beauty,
tigota,https://www.tigota.it/p/iceberg-iceberg-twice-gold-eau-de-toilette-uomo-125ml-147583,beauty,
tigota,https://www.tigota.it/p/inter-inter-eau-de-toilette-uomo-100ml-390521,beauty,
tigota,https://www.tigota.it/p/lamborghini-acqua-eau-de-toilette-uomo-125ml-845271,beauty,
tigota,https://www.tigota.it/p/acquadi-warrior-eau-de-toilette-uomo-30ml-221521,beauty,
tigota,https://www.tigota.it/p/tommy-tommy-impact-eau-de-toilette-uomo-50ml-201116,beauty,
tigota,https://www.tigota.it/p/joop-joop-homme-eau-de-toilette-125ml-844818,beauty,
tigota,https://www.tigota.it/p/valentino-valentino-uomo-eau-de-toilette-100ml-756876,beauty,
tigota,https://www.tigota.it/p/police-deep-blue-eau-de-toilette-uomo-100ml-382625,beauty,
tigota,https://www.tigota.it/p/calvin-klein-be-eau-de-toilette-unisex-100ml-757546,beauty,
tigota,https://www.tigota.it/p/calvin-klein-ck-be-eau-de-toilette-unisex-200ml-757547,beauty,
tigota,https://www.tigota.it/p/calvin-klein-ck-be-eau-de-toilette-unisex-50ml-757553,beauty,
tigota,https://www.tigota.it/p/calvin-klein-ck-everyone-eau-de-toilette-unisex-100ml-146847,beauty,
tigota,https://www.tigota.it/p/calvin-klein-ck-everyone-eau-de-toilette-unisex-50ml-146846,beauty,
tigota,https://www.tigota.it/p/calvin-klein-ck-one-eau-de-toilette-unisex-100ml-757551,beauty,
tigota,https://www.tigota.it/p/calvin-klein-ck-one-eau-de-toilette-unisex-200ml-757552,beauty,
tigota,https://www.tigota.it/p/calvin-klein-ck-one-eau-de-toilette-unisex-50ml-757550,beauty,
tigota,https://www.tigota.it/p/calvin-klein-ck-one-essence-parfum-unisex-100ml-201864,beauty,
tigota,https://www.tigota.it/p/calvin-klein-ck-one-essence-parfum-unisex-50ml-201863,beauty,
tigota,https://www.tigota.it/p/calvin-klein-ck-one-gold-eau-de-toilette-unisex-100ml-395533,beauty,
tigota,https://www.tigota.it/p/house-of-perfumes-hop-black-oud-eau-de-parfum-unisex-ml100-204008,beauty,
tigota,https://www.tigota.it/p/house-of-perfumes-hop-oud-saffron-eau-de-parfum-unisex-ml100-204010,beauty,
tigota,https://www.tigota.it/p/house-of-perfumes-hop-oud-vanilla-eau-de-parfum-unisex-ml100-204012,beauty,
tigota,https://www.tigota.it/p/house-of-perfumes-hop-oud-white-eau-de-parfum-unisex-ml100-204014,beauty,
tigota,https://www.tigota.it/p/house-of-perfumes-hop-precious-oud-eau-de-parfum-unisex-ml100-204016,beauty,
tigota,https://www.tigota.it/p/lattafa-lattafa-ana-abiyedh-eau-de-parfum-unisex-ml60-206507,beauty,
tigota,https://www.tigota.it/p/lattafa-lattafa-ana-abiyedh-rouge-eau-de-parfum-unisex-ml60-206509,beauty,
tigota,https://www.tigota.it/p/lattafa-lattafa-khamra-eau-de-parfum-unisex-ml100-206513,beauty,
tigota,https://www.tigota.it/p/lattafa-lattafa-khamrah-dukhan-eau-de-parfum-unisex-100ml-223402,beauty,
tigota,https://www.tigota.it/p/lattafa-lattafa-khamrah-eau-de-parfum-unisex-100ml-208393,beauty,
tigota,https://www.tigota.it/p/lattafa-lattafa-oud-elixir-eau-de-parfum-unisex-100ml-223396,beauty,
tigota,https://www.tigota.it/p/saphir-saphir-elite-cherry-paradise-eau-de-parfum-unisex-100ml-203515,beauty,
tigota,https://www.tigota.it/p/saphir-saphir-elite-expresso-noir-eau-de-parfum-unisex-100ml-208170,beauty,
tigota,https://www.tigota.it/p/deborah-deborah-mascara-sopracciglia-n02-224805,beauty,
tigota,https://www.tigota.it/p/loreal-loreal-paris-panorama-volume-million-lashes-mascara-bleu-suede-99-ml-228417,beauty,
tigota,https://www.tigota.it/p/loreal-oreal-mascara-paradise-big-deal-nero-231352,beauty,
tigota,https://www.tigota.it/p/loreal-mascara-panorama-nero-221601,beauty,
tigota,https://www.tigota.it/p/revlon-mascara-x-tensionnaire-nero-197526,beauty,
tigota,https://www.tigota.it/p/loreal-loreal-paris-paradise-big-deal-mascara-black-99-ml-204161,beauty,
tigota,https://www.tigota.it/p/loreal-mascara-volumizzante-e-allungante-lash-paradise-extra-black-382774,beauty,
tigota,https://www.tigota.it/p/maybelline-mascara-sopracciglia-primer-142541,beauty,
tigota,https://www.tigota.it/p/loreal-mascara-sopracciglia-24h-n-108-381258,beauty,
tigota,https://www.tigota.it/p/revlon-mascara-so-fierce-black-139483,beauty,
tigota,https://www.tigota.it/p/loreal-loreal-paris-mascara-volume-million-lashes-nero-con-oli-preziosi-841133,beauty,
tigota,https://www.tigota.it/p/loreal-mascara-paradise-forever-black-201044,beauty,
tigota,https://www.tigota.it/p/maybelline-maybelline-new-york-mascara-lash-sensational-sky-high-space-diamond-75-ml-204164,beauty,
tigota,https://www.tigota.it/p/loreal-loreal-paris-mascara-air-volume-extra-black-395514,beauty,
tigota,https://www.tigota.it/p/loreal-mascara-pro-xxl-lift-ciglia-effetto-laminazione-399784,beauty,
tigota,https://www.tigota.it/p/loreal-loreal-paris-panorama-volume-million-lashes-all-night-black-mascara-99-ml-206110,beauty,
tigota,https://www.tigota.it/p/rimmel-mascara-modulabile-per-lunghezza-e-volume-estremo-day-2-night-842441,beauty,
tigota,https://www.tigota.it/p/loreal-mascara-false-lash-nero-198056,beauty,
tigota,https://www.tigota.it/p/maybelline-mascara-lash-sensational-sky-high-black-389381,beauty,
tigota,https://www.tigota.it/p/maybelline-mascara-lash-sensational-sky-high-waterproof-black-391910,beauty,
tigota,https://www.tigota.it/p/loreal-mascara-telescopic-144870,beauty,
tigota,https://www.tigota.it/p/loreal-mascara-telescopic-black-142534,beauty,
tigota,https://www.tigota.it/p/loreal-mascara-voluminous-carbon-black-199699,beauty,
tigota,https://www.tigota.it/p/loreal-mascara-xxl-volume-nero-399786,beauty,
tigota,https://www.tigota.it/p/revlon-super-lustrous-lipstick-rossetto-intenso-e-idratante-a-lunga-durata-n-430-991905,beauty,
tigota,https://www.tigota.it/p/revlon-super-lustrous-lipstick-rossetto-intenso-e-idratante-a-lunga-durata-n-103-991912,beauty,
tigota,https://www.tigota.it/p/revlon-super-lustrous-lipstick-rossetto-intenso-e-idratante-a-lunga-durata-n-740-991922,beauty,
tigota,https://www.tigota.it/p/revlon-super-lustrous-lipstick-rossetto-intenso-e-idratante-a-lunga-durata-n-420-970119,beauty,
tigota,https://www.tigota.it/p/max-factor-lipfinity-rossetto-n-335-711158,beauty,
tigota,https://www.tigota.it/p/pupa-rossetto-miss-champagne-n-600-863708,beauty,
tigota,https://www.tigota.it/p/pupa-rossetto-miss-golden-obsession-602-863710,beauty,
tigota,https://www.tigota.it/p/deborah-il-rossetto-534-fucsia-976960,beauty,
tigota,https://www.tigota.it/p/deborah-il-rossetto-6001-cherry-976962,beauty,
tigota,https://www.tigota.it/p/deborah-il-rossetto-602-brillantred-976963,beauty,
tigota,https://www.tigota.it/p/deborah-il-rossetto-605-golden-orange-976966,beauty,
tigota,https://www.tigota.it/p/deborah-il-rossetto-800-natural-brown-976969,beauty,
tigota,https://www.tigota.it/p/revlon-super-lustrous-lipstick-rossetto-intenso-e-idratante-a-lunga-durata-n-450-991918,beauty,
tigota,https://www.tigota.it/p/revlon-super-lustrous-lipstick-rossetto-intenso-e-idratante-a-lunga-durata-n-610-991920,beauty,
tigota,https://www.tigota.it/p/revlon-super-lustrous-lipstick-rossetto-intenso-e-idratante-a-lunga-durata-n-750-991923,beauty,
tigota,https://www.tigota.it/p/loreal-color-riche-rossetto-n-226-698828,beauty,
tigota,https://www.tigota.it/p/max-factor-rossetto-lunga-durata-lipfinity-bifase-120-hot-708911,beauty,
tigota,https://www.tigota.it/p/frais-monde-rossetto-idratante-n-16-055722,beauty,
tigota,https://www.tigota.it/p/deborah-il-rossetto-603-bright-coral-976964,beauty,
tigota,https://www.tigota.it/p/max-factor-max-factor-rossetto-lipfinity-330-essential-burg-708052,beauty,
tigota,https://www.tigota.it/p/pupa-rossetto-miss-nude-rose-101-863684,beauty,
tigota,https://www.tigota.it/p/pupa-rossetto-miss-candy-nude-102-863685,beauty,
tigota,https://www.tigota.it/p/pupa-rossetto-miss-cinderella-n201-863689,beauty,
tigota,https://www.tigota.it/p/pupa-rossetto-miss-ballroom-202-863690,beauty,
tigota,https://www.tigota.it/p/sheglam-sheglam-fondotinta-light-vanille-230109,beauty,
tigota,https://www.tigota.it/p/sheglam-sheglam-fondotinta-light-sand-230108,beauty,
tigota,https://www.tigota.it/p/sheglam-sheglam-fondotinta-light-nude-230107,beauty,
tigota,https://www.tigota.it/p/sheglam-sheglam-fondotinta-fair-230106,beauty,
tigota,https://www.tigota.it/p/essence-ess-silky-blur-hydrating-fondotinta-a-lunga-durata-170-226963,beauty,
tigota,https://www.tigota.it/p/essence-ess-silky-blur-hydrating-fondotinta-a-lunga-durata-155-226961,beauty,
tigota,https://www.tigota.it/p/essence-ess-silky-blur-hydrating-fondotinta-a-lunga-durata-100-226958,beauty,
tigota,https://www.tigota.it/p/revlon-revlon-fondotinta-stick-glimmer-moisturizer-160-226446,beauty,
tigota,https://www.tigota.it/p/revlon-revlon-fondotinta-stick-glimmer-moisturizer-150-226445,beauty,
tigota,https://www.tigota.it/p/revlon-revlon-fondotinta-stick-glimmer-moisturizer-140-226444,beauty,
tigota,https://www.tigota.it/p/revlon-revlon-fondotinta-stick-glimmer-moisturizer-130-226443,beauty,
tigota,https://www.tigota.it/p/revlon-revlon-fondotinta-stick-glimmer-moisturizer-120-226442,beauty,
tigota,https://www.tigota.it/p/revlon-revlon-fondotinta-stick-glimmer-moisturizer-110-226441,beauty,
tigota,https://www.tigota.it/p/bellaoggi-bella-oggi-fondotinta-my-skin-dna-20c-223640,beauty,
tigota,https://www.tigota.it/p/bellaoggi-bella-oggi-fondotinta-my-skin-dna-15n-223639,beauty,
tigota,https://www.tigota.it/p/bellaoggi-bella-oggi-fondotinta-my-skin-dna-15c-223638,beauty,
tigota,https://www.tigota.it/p/bellaoggi-bella-oggi-fondotinta-my-skin-dna-10w-223637,beauty,
tigota,https://www.tigota.it/p/bellaoggi-bella-oggi-fondotinta-my-skin-dna-10n-223636,beauty,
tigota,https://www.tigota.it/p/bellaoggi-bella-oggi-fondotinta-my-skin-dna-05w-223634,beauty,
tigota,https://www.tigota.it/p/rimmel-rimmel-kindfree-glow-it-up-fondotinta-leggero-e-idratante-303-honey-223572,beauty,
tigota,https://www.tigota.it/p/rimmel-rimmel-kindfree-glow-it-up-fondotinta-leggero-e-idratante-210-golden-beige-223571,beauty,
tigota,https://www.tigota.it/p/rimmel-rimmel-kindfree-glow-it-up-fondotinta-leggero-e-idratante-200-soft-beige-223570,beauty,
tigota,https://www.tigota.it/p/rimmel-rimmel-kindfree-glow-it-up-fondotinta-leggero-e-idratante-060-vanilla-223569,beauty,
tigota,https://www.tigota.it/p/rimmel-rimmel-kindfree-glow-it-up-fondotinta-leggero-e-idratante-103-true-ivory-223568,beauty,
tigota,https://www.tigota.it/p/sheglam-sheglam-primer-correttore-triple-threat-230144,beauty,
tigota,https://www.tigota.it/p/sheglam-sheglam-correttore-magic-12h-shell-230105,beauty,
tigota,https://www.tigota.it/p/sheglam-sheglam-correttore-magic-12h-nude-230104,beauty,
tigota,https://www.tigota.it/p/sheglam-sheglam-correttore-magic-12h-linen-230103,beauty,
tigota,https://www.tigota.it/p/sheglam-sheglam-correttore-magic-12h-golden-230102,beauty,
tigota,https://www.tigota.it/p/sheglam-sheglam-correttore-magic-12h-fair-230101,beauty,
tigota,https://www.tigota.it/p/sheglam-sheglam-correttore-magic-12h-230100,beauty,
tigota,https://www.tigota.it/p/essence-ess-silky-blur-hydrating-correttore-a-lunga-durata-20-226976,beauty,
tigota,https://www.tigota.it/p/essence-ess-silky-blur-hydrating-correttore-a-lunga-durata-190-226975,beauty,
tigota,https://www.tigota.it/p/essence-ess-silky-blur-hydrating-correttore-a-lunga-durata-180-226974,beauty,
tigota,https://www.tigota.it/p/essence-ess-silky-blur-hydrating-correttore-a-lunga-durata-160-226973,beauty,
tigota,https://www.tigota.it/p/essence-ess-silky-blur-hydrating-correttore-a-lunga-durata-130-226972,beauty,
tigota,https://www.tigota.it/p/essence-ess-silky-blur-hydrating-correttore-a-lunga-durata-120-226971,beauty,
tigota,https://www.tigota.it/p/essence-ess-silky-blur-hydrating-correttore-a-lunga-durata-100-226970,beauty,
tigota,https://www.tigota.it/p/pupa-pupa-correttore-high-precision-peach-06-224536,beauty,
tigota,https://www.tigota.it/p/pupa-pupa-correttore-high-precision-green-05-224535,beauty,
tigota,https://www.tigota.it/p/pupa-pupa-correttore-high-precision-warm-beige-04-224534,beauty,
tigota,https://www.tigota.it/p/pupa-pupa-correttore-high-precision-cream-beige-03-224533,beauty,
tigota,https://www.tigota.it/p/pupa-pupa-correttore-high-precision-light-beige-02-224532,beauty,
tigota,https://www.tigota.it/p/essence-essence-camouflage-matte-correttore-20-223454,beauty,
tigota,https://www.tigota.it/p/essence-essence-camouflage-matte-correttore-190-223453,beauty,
tigota,https://www.tigota.it/p/essence-essence-camouflage-matte-correttore-180-223452,beauty,
tigota,https://www.tigota.it/p/essence-essence-camouflage-matte-correttore-160-223451,beauty,
tigota,https://www.tigota.it/p/essence-essence-camouflage-matte-correttore-130-223450,beauty,
tigota,https://www.tigota.it/p/revlon-palette-occhi-look-book-maverick-390317,beauty,
tigota,https://www.tigota.it/p/revlon-palette-occhi-look-book-enigma-390318,beauty,
tigota,https://www.tigota.it/p/revlon-palette-occhi-look-book-original-390319,beauty,
tigota,https://www.tigota.it/p/revlon-palette-occhi-look-book-player-390320,beauty,
tigota,https://www.tigota.it/p/max-factor-masterpiece-nude-palette-occhi-restage-cappuccino-393054,beauty,
tigota,https://www.tigota.it/p/max-factor-masterpiece-nude-palette-occhi-restage-rose-393055,beauty,
tigota,https://www.tigota.it/p/max-factor-masterpiece-nude-palette-occhi-restage-peacock-393056,beauty,
tigota,https://www.tigota.it/p/bourjois-bourjois-palette-ombretti-gold-glamour-01-206852,beauty,
tigota,https://www.tigota.it/p/bourjois-bourjois-palette-ombretti-gold-glamour-02-206853,beauty,
tigota,https://www.tigota.it/p/bourjois-bourjois-palette-ombretti-gold-glamour-03-206854,beauty,
tigota,https://www.tigota.it/p/revlon-colorstay-pressed-powder-cipria-combrettopatta-con-caratteristiche-straordinarie-n-820-992050,beauty,
tigota,https://www.tigota.it/p/deborah-deborah-ombretto-24h-color-power-n11-223323,beauty,
tigota,https://www.tigota.it/p/deborah-deborah-ombretto-24h-color-power-n12-223324,beauty,
tigota,https://www.tigota.it/p/deborah-deborah-ombretto-24h-color-power-n13-223325,beauty,
tigota,https://www.tigota.it/p/deborah-deborah-ombretto-24h-color-power-n14-223326,beauty,
tigota,https://www.tigota.it/p/deborah-deborah-ombretto-compatto-bio-04-144341,beauty,
tigota,https://www.tigota.it/p/essence-ess-ombretto-mono-glitter-01-226933,beauty,
tigota,https://www.tigota.it/p/essence-ess-ombretto-mono-glitter-02-226934,beauty,
tigota,https://www.tigota.it/p/essence-ess-ombretto-mono-matte-01-226935,beauty,
tigota,https://www.tigota.it/p/essence-ess-ombretto-mono-matte-02-226936,beauty,
tigota,https://www.tigota.it/p/essence-ess-ombretto-mono-pearly-01-226937,beauty,
tigota,https://www.tigota.it/p/essence-ess-ombretto-mono-pearly-02-226938,beauty,
tigota,https://www.tigota.it/p/essence-essence-ombretto-in-crema-03-223417,beauty,
tigota,https://www.tigota.it/p/got-beauty-got-beauty-pennello-ombretto-grande-209955,beauty,
tigota,https://www.tigota.it/p/loreal-loreal-paris-le-shadow-stick-ombretto-100-ice-sparkle-204381,beauty,
tigota,https://www.tigota.it/p/loreal-loreal-paris-le-shadow-stick-ombretto-105-mesmerizing-gold-204380,beauty,
tigota,https://www.tigota.it/p/loreal-loreal-paris-le-shadow-stick-ombretto-115-twinkly-rose-204382,beauty,
tigota,https://www.tigota.it/p/loreal-loreal-paris-le-shadow-stick-ombretto-118-cloudy-rose-204383,beauty,
tigota,https://www.tigota.it/p/loreal-loreal-paris-le-shadow-stick-ombretto-120-magnetic-mauve-204384,beauty,
tigota,https://www.tigota.it/p/loreal-loreal-paris-le-shadow-stick-ombretto-230-magnetic-bronze-204387,beauty,
tigota,https://www.tigota.it/p/loreal-loreal-paris-le-shadow-stick-ombretto-240-brown-abyss-204388,beauty,
tigota,https://www.tigota.it/p/deborah-deborah-la-cipria-new-24-977407,beauty,
tigota,https://www.tigota.it/p/deborah-cipria-29-977408,beauty,
tigota,https://www.tigota.it/p/deborah-cipria-30-977409,beauty,
tigota,https://www.tigota.it/p/deborah-cipria-33-977410,beauty,
tigota,https://www.tigota.it/p/deborah-cipria-34-977411,beauty,
tigota,https://www.tigota.it/p/loreal-loreal-paris-accord-parfait-cipria-in-polvere-uniformante-e-fissante-3d-beige-dore-701268,beauty,
tigota,https://www.tigota.it/p/rimmel-cipria-compatta-opacizzante-a-lunga-tenuta-stay-matte-005-silky-beige-967003,beauty,
tigota,https://www.tigota.it/p/revlon-colorstay-pressed-powder-cipria-compatta-con-caratteristiche-straordinarie-992051,beauty,
tigota,https://www.tigota.it/p/rimmel-cipria-compatta-opacizzante-a-lunga-tenuta-stay-matte-010-warm-honey-967008,beauty,
tigota,https://www.tigota.it/p/max-factor-max-factor-cipria-creme-puff-new-13-nouveau-beig-708840,beauty,
tigota,https://www.tigota.it/p/max-factor-max-factor-cipria-creme-puff-new-41-medium-beige-708847,beauty,
tigota,https://www.tigota.it/p/max-factor-max-factor-cipria-creme-puff-new-42-deep-beige-708848,beauty,
tigota,https://www.tigota.it/p/revlon-colorstaypressed-powder-cipria-compatta-n-850-816241,beauty,
tigota,https://www.tigota.it/p/rimmel-cipria-compatta-opacizzante-a-lunga-tenuta-stay-matte-007-mohair-967005,beauty,
tigota,https://www.tigota.it/p/rimmel-cipria-compatta-opacizzante-a-lunga-tenuta-stay-matte-008-cashmere-967006,beauty,
tigota,https://www.tigota.it/p/frais-monde-cipria-compatta-n-01-055551,beauty,
tigota,https://www.tigota.it/p/frais-monde-cipria-compatta-n-02-055552,beauty,
tigota,https://www.tigota.it/p/frais-monde-cipria-compatta-n-03-055553,beauty,
tigota,https://www.tigota.it/p/frais-monde-cipria-compatta-n-04-055554,beauty,
tigota,https://www.tigota.it/p/rimmel-cipria-compatta-opacizzante-a-lunga-tenuta-stay-matte-001-trasparente-967001,beauty,
tigota,https://www.tigota.it/p/rimmel-cipria-compatta-opacizzante-a-lunga-tenuta-stay-matte-003-peach-glossow-967002,beauty,
tigota,https://www.tigota.it/p/rimmel-stay-matte-cipria-compatta-n-006-967004,beauty,
tigota,https://www.tigota.it/p/loreal-accord-parfait-cipria-fondente-perfezionatrice-n-7d7w-835411,beauty,
tigota,https://www.tigota.it/p/frais-monde-dopo-sole-viso-50ml-192610,beauty,
tigota,https://www.tigota.it/p/frais-monde-crema-solare-viso-antirughe-spf-24-50ml-192620,beauty,
tigota,https://www.tigota.it/p/frais-monde-gel-solare-viso-antirughe-spf-50-50ml-192613,beauty,
tigota,https://www.tigota.it/p/frais-monde-acqua-crema-doposole-viso-50ml-192628,beauty,
tigota,https://www.tigota.it/p/headshoulder-head-shoulders-shampoo-antiforfora-classic-clean-250-ml-221743,beauty,
tigota,https://www.tigota.it/p/headshoulder-head-shoulders-shampoo-antiforfora-supreme-ripara-250-ml-221761,beauty,
tigota,https://www.tigota.it/p/sunsilk-sunsilk-sh-byebyecrespo-ml250-225873,beauty,
tigota,https://www.tigota.it/p/headshoulder-head-shoulders-shampoo-antiforfora-citrus-fresh-per-capelli-grassi-250-ml-221753,beauty,
tigota,https://www.tigota.it/p/batist-shampoo-secco-un-tocco-di-volume-200-ml-848927,beauty,
tigota,https://www.tigota.it/p/headshoulder-head-shoulders-shampoo-antiforfora-cute-secca-250-ml-221754,beauty,
tigota,https://www.tigota.it/p/headshoulder-head-shoulders-shampoo-antiforfora-azione-lenitiva-derma-x-pro-250-ml-139451,beauty,
tigota,https://www.tigota.it/p/headshoulder-head-shoulders-shampoo-antiforfora-menthol-fresh-250-ml-221745,beauty,
tigota,https://www.tigota.it/p/pantene-pantene-pro-v-nutri-plex-miracle-serum-shampoo-lisci-effetto-seta-250-ml-221786,beauty,
tigota,https://www.tigota.it/p/sunsilk-sunsilk-liscio-perfetto-shampoo-250-ml-225875,beauty,
tigota,https://www.tigota.it/p/batist-shampoo-secco-sweet-berry-red-fruits-200-ml-200819,beauty,
tigota,https://www.tigota.it/p/batist-shampoo-secco-un-tocco-di-castano-chiaro-200-ml-848925,beauty,
tigota,https://www.tigota.it/p/headshoulder-head-shoulders-antiforfora-shampoo-balsamo-2in1-antiprurito-250-ml-221747,beauty,
tigota,https://www.tigota.it/p/pantene-pantene-pro-v-nutri-plex-miracle-serum-shampoo-rigenera-e-protegge-250-ml-221788,beauty,
tigota,https://www.tigota.it/p/sunsilk-sunsilk-sh-onde-merav-ml250-225877,beauty,
tigota,https://www.tigota.it/p/batist-shampoo-secco-apple-boost-fresh-fragrance-200-ml-200821,beauty,
tigota,https://www.tigota.it/p/batist-shampoo-secco-classico-200-ml-848923,beauty,
tigota,https://www.tigota.it/p/batist-shampoo-secco-tropical-exotic-fruits-200-ml-142999,beauty,
tigota,https://www.tigota.it/p/headshoulder-head-shoulders-shampoo-antiforfora-anticaduta-men-ultra-250-ml-221758,beauty,
tigota,https://www.tigota.it/p/sunsilk-sunsilk-liscio-perfetto-shampoo-2in1-250-ml-225870,beauty,
tigota,https://www.tigota.it/p/headshoulder-head-shoulders-antiforfora-shampoo-balsamo-2in1-classic-clean-250-ml-221749,beauty,
tigota,https://www.tigota.it/p/pantene-pantene-pro-v-miracles-addio-crespo-shampoo-250-ml-221799,beauty,
tigota,https://www.tigota.it/p/sunsilk-sunsilk-riparazione-istantanea-shampoo-250-ml-225879,beauty,
tigota,https://www.tigota.it/p/headshoulder-head-shoulders-shampoo-antiforfora-antiprurito-250-ml-139448,beauty,
tigota,https://www.tigota.it/p/biolis-balsamo-capelli-danneggiati-idrata-e-ristruttura-250ml-143600,beauty,
tigota,https://www.tigota.it/p/sunsilk-sunsilk-bl-aloe-vera-ml200-225882,beauty,
tigota,https://www.tigota.it/p/sunsilk-sunsilk-liscio-perfetto-crema-lisciante-districante-200-ml-225891,beauty,
tigota,https://www.tigota.it/p/sunsilk-sunsilk-liscio-perfetto-balsamo-200-ml-225884,beauty,
tigota,https://www.tigota.it/p/biolis-balsamo-detox-purificante-250ml-143595,beauty,
tigota,https://www.tigota.it/p/sunsilk-sunsilk-bl-onde-merav-ml200-225886,beauty,
tigota,https://www.tigota.it/p/biolis-balsamo-capelli-ricci-nutrientevolumizzante-250ml-143597,beauty,
tigota,https://www.tigota.it/p/sunsilk-sunsilk-riparazione-istantanea-balsamo-200-ml-225888,beauty,
tigota,https://www.tigota.it/p/biolis-balsamo-capelli-lisci-ripara-e-fortifica-250ml-143599,beauty,
tigota,https://www.tigota.it/p/headshoulder-head-shoulders-balsamo-per-cute-e-capelli-supreme-idrata-220-ml-221765,beauty,
tigota,https://www.tigota.it/p/sunsilk-sunsilk-bl-byebyecrespo-ml200-225890,beauty,
tigota,https://www.tigota.it/p/sunsilk-sunsilk-balsamo-cocco-e-aloe-vera-per-capelli-secchi-e-sfibrati-200-ml-225883,beauty,
tigota,https://www.tigota.it/p/sunsilk-sunsilk-ricci-da-sogno-crema-modellante-districante-200-ml-225892,beauty,
tigota,https://www.tigota.it/p/sunsilk-sunsilk-balsamo-olio-dargan-e-di-mandorle-per-capelli-fragili-200-ml-225885,beauty,
tigota,https://www.tigota.it/p/biolis-biolis-balsamo-nutriente-e-districante-cocco-ml250-143596,beauty,
tigota,https://www.tigota.it/p/sunsilk-sunsilk-bl-ricci-sogno-ml200-225887,beauty,
tigota,https://www.tigota.it/p/biolis-balsamo-capelli-secchi-rigenerarinforza-250ml-143598,beauty,
tigota,https://www.tigota.it/p/headshoulder-head-shoulders-balsamo-antiforfora-lisci-setosi-220-ml-221764,beauty,
tigota,https://www.tigota.it/p/sunsilk-sunsilk-bl-scintille-luce-m200-225889,beauty,
tigota,https://www.tigota.it/p/elvive-elvive-balsamo-color-vive-purple-anti-giallo-ml150-226153,beauty,
tigota,https://www.tigota.it/p/elvive-elvive-hydra-hyaluronic-maschera-idratazione-profonda-ml300-226169,beauty,
tigota,https://www.tigota.it/p/ultra-dolce-garnier-ultra-dolce-balsamo-purificante-e-idratante-carbone-magnetico-200-ml-143136,beauty,
toyscenter,https://www.toyscenter.it/prodotto/lego-star-wars-75432-v-19-torrent-con-3-minifigure-e-spade-laser-9/,toys,
